Workbook

Sheet Contents
A1: Supplementary Tables S1-S15 — strict-16 release ncbi-phylum-2026-08-04-v1
A3: Sheet | B3: Table
A4: S1 | B4: Supplementary Table S1
A5: S2 | B5: Supplementary Table S2
A6: S3 | B6: Supplementary Table S3
A7: S4 | B7: Supplementary Table S4
A8: S5 | B8: Supplementary Table S5
A9: S6 | B9: Supplementary Table S6
A10: S7 | B10: Supplementary Table S7
A11: S8 | B11: Supplementary Table S8
A12: S9 | B12: Supplementary Table S9
A13: S10 | B13: Supplementary Table S10
A14: S11 | B14: Supplementary Table S11
... A18: S15 | B18: Supplementary Table S15

Sheet S1_Notes
A1: Supplementary Table S1. Per-sample and per-phylum inventory (strict release)
A3: Taxonomy release: ncbi-phylum-2026-08-04-v1 (locked). Phylum and kingdom are taken from that release; the labels as submitted are retained alongside so every change is auditable.
A4: Rows: 169 carried over from the submitted workbook plus 6 added from the release = 176. NOTE: OE25F3POS.mzML appears twice in the submitted workbook (2 rows share that identity), so its stated count of 170 biological samples is 169 unique samples.
A5: 6 core-candidate samples of the release are ABSENT from the submitted inventory and have been added here, flagged in the 'Row source' column: ACNeffE25-123POS (Discosea, Acanthamoeba), Lu19POS (Cyanobacteriota, lichen), OE11-3-E4-P27POS (Streptophyta, Ginkgo), OE21-4-F3POS (Ascomycota, Tuber), OE25102891POS (Actinomycetota, Arthrobacter), OE25DSM1988POS (Ascomycota, Aspergillus). Culture-condition fields are unavailable for them. Without these rows S1b would disagree with the release and with Supplementary Figure 7.
A6: Phylum label changed for 52 of 176 rows.
A8: Relabelling applied (release authority, not edited here): Amoebozoa split to Discosea / Evosea; Euryarchaeota and Halobacteriota to Methanobacteriota; Crenarchaeota to Thermoproteota; Bryophyta, Marchantiophyta, Tracheophyta, Magnoliophyta and Charophyta to Streptophyta; Mortierellomycota separated from Mucoromycota.
A10: Kingdom uses the locked policy's ecological_group naming (Viridiplantae, Protists), which differs from the submitted table's Plantae / Protozoa. Ecological groups are display summaries and are never analysis units.
A12: Counts: 19 collection phyla; 16 analysis phyla (n>=2 in both polarities). Below threshold: Cercozoa, Cyanobacteriota, Mortierellomycota.
A13: Taxonomy scope: core_candidate rows have a valid NCBI phylum ancestor. descriptive_only rows (Bicosoecida, Rootnodules, Mixed) and viral samples are retained in the inventory but excluded from phylum inference, per policy.
A15: The submitted per-phylum n_species column is NOT reproduced. It is not derivable from any metadata column present and is internally inconsistent (for example Euryarchaeota was published as 4 species across 9 distinct genera). S1b therefore reports distinct genera, the finest rank the metadata determines for every sample - the same decision taken for Supplementary Figure 7.
A17: Scope: positive mode, matching the submitted table. The release also covers 195 negative-mode core samples.
A19: Producer: paper2_repro/scripts/build_table_s1_strict16.py

Sheet S1_Per_sample_inventory
A1: Supplementary Table S1a. Per-sample inventory (175 unique biological samples, 176 rows as submitted)
A2: Phylum and kingdom from the locked release; submitted labels retained.
A4: GNPS Filename | B4: Original Code | C4: FBMN_Batch | D4: Kingdom (release) | E4: Phylum (release) | F4: NCBI phylum taxid | G4: Taxonomy scope | H4: Kingdom (as submitted) | I4: Phylum (as submitted) | J4: Label changed | K4: Class | L4: Order | M4: Family | N4: Genus | O4: Species | P4: NCBI ID | Q4: KEGG ID | R4: Lipid Recovery % | S4: Media_DSMZ_or_type | T4: Temperature_C | U4: Oxygen_conditions | V4: pH | W4: Taxonomy release | X4: Row source | Y4: Count in summary
A5: Rhodococcus_Sp_OE11-3-E4-A1POS.mzML | B5: OE11-3-E4-A1POS | C5: batch_01_OE11-3-POS | D5: Bacteria | E5: Actinomycetota | F5: 201174 | G5: core_candidate | H5: Bacteria | I5: Actinomycetota | K5: Actinomycetia | L5: Mycobacteriales | M5: Nocardiaceae | N5: Rhodococcus | O5: unclassified | P5: 1827 | Q5: rqi | R5: 0 | W5: ncbi-phylum-2026-08-04-v1 | X5: submitted table | Y5: yes
A6: Haloferax_Volcanii_WR_340_OE11-3-E4-A4POS.mzML | B6: OE11-3-E4-A4POS | C6: batch_01_OE11-3-POS | D6: Archaea | E6: Methanobacteriota | F6: 28890 | G6: core_candidate | H6: Archaea | I6: Euryarchaeota | J6: yes | K6: Halobacteria | L6: Halobacteriales | M6: Halobacteriaceae | N6: Haloferax | O6: Haloferax volcanii | P6: 2246 | Q6: hvo | R6: 0 | T6: 37 | U6: aerobic | V6: 7.2 | W6: ncbi-phylum-2026-08-04-v1 | X6: submitted table | Y6: yes
A7: Arthrobacter_Sp_102891_OE11-3-E4-B5POS.mzML | B7: OE11-3-E4-B5POS | C7: batch_01_OE11-3-POS | D7: Bacteria | E7: Actinomycetota | F7: 201174 | G7: core_candidate | H7: Bacteria | I7: Actinomycetota | K7: Actinobacteridae | L7: Actinomycetales | M7: Micrococcaceae | N7: Arthrobacter | O7: unclassified | P7: 1663 | R7: 0 | W7: ncbi-phylum-2026-08-04-v1 | X7: submitted table | Y7: yes
A8: Rhizopus_Oligosporus_OE11-3-E4-F6POS.mzML | B8: OE11-3-E4-F6POS | C8: batch_01_OE11-3-POS | D8: Fungi | E8: Mucoromycota | F8: 1913637 | G8: core_candidate | H8: Fungi | I8: Mucoromycota | K8: Mucoromycetes | L8: Mucorales | M8: Rhizopodaceae | N8: Rhizopus | O8: Rhizopus Oligosporus | P8: 4847 | R8: 0 | S8: N/A - fruiting body | W8: ncbi-phylum-2026-08-04-v1 | X8: submitted table | Y8: yes
A9: Petroselinum_Crispum_(leaves)_OE11-3-E4-P18POS.mzML | B9: OE11-3-E4-P18POS | C9: batch_01_OE11-3-POS | D9: Viridiplantae | E9: Streptophyta | F9: 35493 | G9: core_candidate | H9: Plantae | I9: Trachaeophyta | J9: yes | K9: Magnoliopsida | L9: Apiales | M9: Apiaceae | N9: Petroelinum | O9: Petroselinum crispum (leaves) | P9: 4043 | R9: 0 | S9: N/A - field collected | W9: ncbi-phylum-2026-08-04-v1 | X9: submitted table | Y9: yes
A10: Ginko_biloba_OE11-3-E4-P27POS.mzML | B10: 27POS | C10: batch_01_OE11-3-POS | G10: excluded | H10: Plantae | I10: Trachaeophyta | J10: yes | K10: Ginkgoopsida | L10: Ginkgoales | M10: Ginkgoaceae | N10: Ginkgo | O10: Ginkgo biloba | P10: 3311 | R10: 0 | S10: N/A - field collected | W10: ncbi-phylum-2026-08-04-v1 | X10: submitted table | Y10: no
A11: Methanosarcina_Spelaei_OE11-E4-A7POS.mzML | B11: OE11-E4-A7POS | C11: batch_01_OE11-3-POS | D11: Archaea | E11: Methanobacteriota | F11: 28890 | G11: core_candidate | H11: Archaea | I11: Methanobacteriota | K11: Methanomicrobia | L11: Methanosarcinales | M11: Methanosarcinaceae | N11: Methanosarcina | O11: Methanosarcina spelaei | P11: 1609969 | Q11: mma | R11: 0 | S11: 120a | T11: 33 | U11: anaerobic | V11: 6.5 | W11: ncbi-phylum-2026-08-04-v1 | X11: submitted table | Y11: yes
A12: Methanopyrus_Kandleri_OE11-E4-B3POS.mzML | B12: OE11-E4-B3POS | C12: batch_01_OE11-3-POS | D12: Archaea | E12: Methanobacteriota | F12: 28890 | G12: core_candidate | H12: Archaea | I12: Euryarchaeota | J12: yes | K12: Methanopyri | L12: Methanopyrales | M12: Methanopyraceae | N12: Methanopyrus | O12: Methanopyrus kandleri | P12: 2320 | Q12: mka | R12: 0 | S12: 511 | T12: 98 | U12: anaerobic | W12: ncbi-phylum-2026-08-04-v1 | X12: submitted table | Y12: yes
A13: Streptosporangium_Roseum_OE11-E4-B4POS.mzML | B13: OE11-E4-B4POS | C13: batch_01_OE11-3-POS | D13: Bacteria | E13: Actinomycetota | F13: 201174 | G13: core_candidate | H13: Bacteria | I13: Actinomycetota | K13: Actinobacteridae | L13: Actinomycetales | M13: Streptosporangiaceae | N13: Streptosporangium | O13: Streptosporangium roseum | P13: 1928 | R13: 0 | S13: 84 | T13: 28 | U13: aerobic | V13: 7.2 | W13: ncbi-phylum-2026-08-04-v1 | X13: submitted table | Y13: yes
A14: Amanita_Caesarea_OE11-E4-F15POS.mzML | B14: OE11-E4-F15POS | C14: batch_01_OE11-3-POS | D14: Fungi | E14: Basidiomycota | F14: 5204 | G14: core_candidate | H14: Fungi | I14: Basidiomycota | K14: Agaricomycetes | L14: Agaricales | M14: Amanitaceae | N14: Amanita | O14: Amanita caserea | P14: 67695 | R14: 0 | S14: N/A - fruiting body | W14: ncbi-phylum-2026-08-04-v1 | X14: submitted table | Y14: yes
A15: Trichoderma_Flavofuscum_OE11-E4-F2POS.mzML | B15: OE11-E4-F2POS | C15: batch_01_OE11-3-POS | D15: Fungi | E15: Ascomycota | F15: 4890 | G15: core_candidate | H15: Fungi | I15: Ascomycota | K15: Sordariomycetes | L15: Hypocreales | M15: Hypocreaceae | N15: Gliocladium | O15: Gliocladium flavofuscum | P15: 29875 | Q15: tre | R15: 0 | W15: ncbi-phylum-2026-08-04-v1 | X15: submitted table | Y15: yes
A16: Mucor_Hiemalis_INF1507_17_OE11-E4-F47POS.mzML | B16: OE11-E4-F47POS | C16: batch_01_OE11-3-POS | D16: Fungi | E16: Mucoromycota | F16: 1913637 | G16: core_candidate | H16: Fungi | I16: Mucoromycota | K16: Mucoromycetes | L16: Mucorales | M16: Mucoraceae | N16: Mucor | O16: Mucor hiemalis | P16: 64493 | R16: 0 | S16: MEB | T16: 22 | U16: aerobic | V16: 5.6 | W16: ncbi-phylum-2026-08-04-v1 | X16: submitted table | Y16: yes
A17: Equisetum_Arvense_OE11-E4-P11POS.mzML | B17: OE11-E4-P11POS | C17: batch_01_OE11-3-POS | D17: Viridiplantae | E17: Streptophyta | F17: 35493 | G17: core_candidate | H17: Plantae | I17: Trachaeophyta | J17: yes | K17: Polypodiopsida | L17: Equisetales | M17: Equisetaceae | N17: Equisetum | O17: Equisetum arvense | P17: 3258 | R17: 0 | S17: N/A - field collected | W17: ncbi-phylum-2026-08-04-v1 | X17: submitted table | Y17: yes
A18: Allium_Ursinum_OE11-E4-P14POS.mzML | B18: OE11-E4-P14POS | C18: batch_01_OE11-3-POS | D18: Viridiplantae | E18: Streptophyta | F18: 35493 | G18: core_candidate | H18: Plantae | I18: Trachaeophyta | J18: yes | K18: Liliopsida | L18: Asparagales | M18: Amaryllidaceae | N18: Allium | O18: Allium ursinum | P18: 4684 | R18: 0 | S18: N/A - field collected | W18: ncbi-phylum-2026-08-04-v1 | X18: submitted table | Y18: yes
A19: Taraxacum_officinale (roots)_OE11-E4-P26POS.mzML | B19: OE11-E4-P26POS | C19: batch_01_OE11-3-POS | D19: Viridiplantae | E19: Streptophyta | F19: 35493 | G19: core_candidate | H19: Plantae | I19: Trachaeophyta | J19: yes | K19: Magnoliopsida | L19: Asterales | M19: Asteraceae | N19: Taraxcum | O19: Taraxacum officinale (roots) | P19: 50225 | R19: 0 | S19: N/A - field collected | W19: ncbi-phylum-2026-08-04-v1 | X19: submitted table | Y19: yes
A20: Priestia_Aryabhattai_B8W22_OE21-4-11POS.mzML | B20: OE21-4-11POS | C20: batch_02_OE21-4-POS | D20: Bacteria | E20: Bacillota | F20: 1239 | G20: core_candidate | H20: Bacteria | I20: Bacillota | K20: Bacilli | L20: Caryophanales | M20: Bacillaceae | N20: Priestia | O20: Priestia aryabhattai | P20: 412384 | Q20: bsu | R20: 0 | W20: ncbi-phylum-2026-08-04-v1 | X20: submitted table | Y20: yes
A21: Exiguobacterium_Aestuarii_OE21-4-19POS.mzML | B21: OE21-4-19POS | C21: batch_02_OE21-4-POS | D21: Bacteria | E21: Bacillota | F21: 1239 | G21: core_candidate | H21: Bacteria | I21: Bacillota | K21: Bacilli | L21: Bacillales | M21: Bacillaceae | N21: Exiguobacterium | O21: Exiguobacterium aestuarii | P21: 273527 | Q21: esi | R21: 0 | W21: ncbi-phylum-2026-08-04-v1 | X21: submitted table | Y21: yes
A22: Bacillus_Proteolyticus_OE21-4-28POS.mzML | B22: OE21-4-28POS | C22: batch_02_OE21-4-POS | D22: Bacteria | E22: Bacillota | F22: 1239 | G22: core_candidate | H22: Bacteria | I22: Bacillota | K22: Bacilli | L22: Caryophanales | M22: Bacillaceae | N22: Bacillus | O22: Bacillus proteolyticus | P22: 2026192 | Q22: bsu | R22: 0 | W22: ncbi-phylum-2026-08-04-v1 | X22: submitted table | Y22: yes
A23: Paribacillus_Frigoritolerans_OE21-4-31POS.mzML | B23: OE21-4-31POS | C23: batch_02_OE21-4-POS | D23: Bacteria | E23: Bacillota | F23: 1239 | G23: core_candidate | H23: Bacteria | I23: Bacillota | K23: Bacilli | L23: Caryophanales | M23: Bacillaceae | N23: Peribacillus | O23: Peribacillus frigoritolerans | P23: 450367 | R23: 0 | W23: ncbi-phylum-2026-08-04-v1 | X23: submitted table | Y23: yes
A24: Priestia_Megaterium_OE21-4-34POS.mzML | B24: OE21-4-34POS | C24: batch_02_OE21-4-POS | D24: Bacteria | E24: Bacillota | F24: 1239 | G24: core_candidate | H24: Bacteria | I24: Bacillota | K24: Bacilli | L24: Caryophanales | M24: Bacillaceae | N24: Priestia | O24: Priestia megaterium | P24: 1404 | Q24: bsu | R24: 0 | W24: ncbi-phylum-2026-08-04-v1 | X24: submitted table | Y24: yes
A25: Methanocaldococcus_Jannaschii_OE21-4-A10POS.mzML | B25: OE21-4-A10POS | C25: batch_02_OE21-4-POS | D25: Archaea | E25: Methanobacteriota | F25: 28890 | G25: core_candidate | H25: Archaea | I25: Euryarchaeota | J25: yes | K25: Methanococci | L25: Methanococcales | M25: Methanocaldococcaceae | N25: Methanocaldococcus | O25: Methanocaldococcus jannaschii | P25: 2190 | Q25: mja | R25: 5033 | S25: 282 | T25: 80 | U25: anaerobic | W25: ncbi-phylum-2026-08-04-v1 | X25: submitted table | Y25: yes
A26: Methanospirillum_Stamsii_OE21-4-A12POS.mzML | B26: OE21-4-A12POS | C26: batch_02_OE21-4-POS | D26: Archaea | E26: Methanobacteriota | F26: 28890 | G26: core_candidate | H26: Archaea | I26: Methanobacteriota | K26: Methanomicrobia | L26: Methanomicrobiales | M26: Methanospirillaceae | N26: Methanospirillum | O26: Methanospirillum stamsii | P26: 2222 | Q26: mhu | R26: 4830.02 | S26: 119 | T26: 29 | U26: anaerobic | V26: 7 | W26: ncbi-phylum-2026-08-04-v1 | X26: submitted table | Y26: yes
A27: Sulfolobus_Islandicus_OE21-4-A1POS.mzML | B27: OE21-4-A1POS | C27: batch_02_OE21-4-POS | D27: Archaea | E27: Thermoproteota | F27: 28889 | G27: core_candidate | H27: Archaea | I27: Thermoproteota | K27: Thermoprotei | L27: Sulfolobales | M27: Sulfolobaceae | N27: Sulfolobus | O27: Sulfolobus islandicus | P27: 43080 | Q27: sai | R27: 5707.28 | S27: 182 | T27: 75 | U27: aerobic | V27: 3 | W27: ncbi-phylum-2026-08-04-v1 | X27: submitted table | Y27: yes
A28: Sulfolobus_Islandicus_OE21-4-A1POS_20240618215255.mzML | B28: OE21-4-A1POS_20240618215255 | C28: batch_02_OE21-4-POS | D28: Archaea | E28: Thermoproteota | F28: 28889 | G28: core_candidate | H28: Archaea | I28: Thermoproteota | K28: Thermoprotei | L28: Sulfolobales | M28: Sulfolobaceae | N28: Sulfolobus | O28: Sulfolobus islandicus | P28: 43080 | Q28: sai | R28: 5707.28 | S28: 182 | T28: 75 | U28: aerobic | V28: 3 | W28: ncbi-phylum-2026-08-04-v1 | X28: submitted table | Y28: yes
A29: Sulfolobus_Acidocaldarius_OE21-4-A3POS.mzML | B29: OE21-4-A3POS | C29: batch_02_OE21-4-POS | D29: Archaea | E29: Thermoproteota | F29: 28889 | G29: core_candidate | H29: Archaea | I29: Crenarchaeota | J29: yes | K29: Thermoprotei | L29: Sulfolobales | M29: Sulfolobaceae | N29: Sulfolobus | O29: Sulfolobus acidocaldarius | P29: 2285 | Q29: sso | R29: 4848.22 | S29: 88 | T29: 75 | U29: aerobic | V29: 3 | W29: ncbi-phylum-2026-08-04-v1 | X29: submitted table | Y29: yes
A30: Methanothermococcus_Okinawensis_OE21-4-A5POS.mzML | B30: OE21-4-A5POS | C30: batch_02_OE21-4-POS | D30: Archaea | E30: Methanobacteriota | F30: 28890 | G30: core_candidate | H30: Archaea | I30: Euryarchaeota | J30: yes | K30: Methanococci | L30: Methanococcales | M30: Methanococcaceae� | N30: Methanothermococcus | O30: Methanothermococcus okinawensis | P30: 155863 | Q30: mok | R30: 4658.34 | S30: 282 | T30: 65 | U30: anaerobic | W30: ncbi-phylum-2026-08-04-v1 | X30: submitted table | Y30: yes
A31: Methanotorris_Igneus_OE21-4-A6POS.mzML | B31: OE21-4-A6POS | C31: batch_02_OE21-4-POS | D31: Archaea | E31: Methanobacteriota | F31: 28890 | G31: core_candidate | H31: Archaea | I31: Euryarchaeota | J31: yes | K31: Methanococci | L31: Methanococcales | M31: Methanocaldococcaceae | N31: Methanotorris | O31: Methanotorris igneus | P31: 647113 | Q31: mig | R31: 4793.77 | S31: 282 | T31: 85 | U31: anaerobic | W31: ncbi-phylum-2026-08-04-v1 | X31: submitted table | Y31: yes
A32: Haloferax_Volcanii_WR_340_OE21-4-A9POS.mzML | B32: OE21-4-A9POS | C32: batch_02_OE21-4-POS | D32: Archaea | E32: Methanobacteriota | F32: 28890 | G32: core_candidate | H32: Archaea | I32: Euryarchaeota | J32: yes | K32: Halobacteria | L32: Halobacteriales | M32: Halobacteriaceae | N32: Haloferax | O32: Haloferax volcanii | P32: 2246 | Q32: hvo | R32: 4797.5 | T32: 37 | U32: aerobic | V32: 7.2 | W32: ncbi-phylum-2026-08-04-v1 | X32: submitted table | Y32: yes
A33: Streptosporangium_Roseum_OE21-4-B9POS.mzML | B33: OE21-4-B9POS | C33: batch_02_OE21-4-POS | D33: Bacteria | E33: Actinomycetota | F33: 201174 | G33: core_candidate | H33: Bacteria | I33: Actinomycetota | K33: Actinobacteridae | L33: Actinomycetales | M33: Streptosporangiaceae | N33: Streptosporangium | O33: Streptosporangium roseum | P33: 1928 | R33: 0 | S33: 84 | T33: 28 | U33: aerobic | V33: 7.2 | W33: ncbi-phylum-2026-08-04-v1 | X33: submitted table | Y33: yes
A34: Streptomyces_Sp_OE21-4-E6C13POS.mzML | B34: OE21-4-E6C13POS | C34: batch_02_OE21-4-POS | D34: Bacteria | E34: Actinomycetota | F34: 201174 | G34: core_candidate | H34: Bacteria | I34: Actinomycetota | K34: Actinobacteridae | L34: Actinomycetales | M34: Streptomycataceae | N34: Stretomyces | O34: unclassified | P34: 1883 | Q34: sco | R34: 0 | W34: ncbi-phylum-2026-08-04-v1 | X34: submitted table | Y34: yes
A35: Rhodococcus_Sp_OE21-4-E6C21POS.mzML | B35: OE21-4-E6C21POS | C35: batch_02_OE21-4-POS | D35: Bacteria | E35: Actinomycetota | F35: 201174 | G35: core_candidate | H35: Bacteria | I35: Actinomycetota | K35: Actinomycetia | L35: Mycobacteriales | M35: Nocardiaceae | N35: Rhodococcus | O35: unclassified | P35: 1827 | Q35: rqi | R35: 0 | W35: ncbi-phylum-2026-08-04-v1 | X35: submitted table | Y35: yes
A36: Rhodococcus_Sp_OE21-4-E6C4POS.mzML | B36: OE21-4-E6C4POS | C36: batch_02_OE21-4-POS | D36: Bacteria | E36: Actinomycetota | F36: 201174 | G36: core_candidate | H36: Bacteria | I36: Actinomycetota | K36: Actinomycetia | L36: Mycobacteriales | M36: Nocardiaceae | N36: Rhodococcus | O36: unclassified | P36: 1827 | Q36: rqi | R36: 0 | W36: ncbi-phylum-2026-08-04-v1 | X36: submitted table | Y36: yes
A37: Rhodococcus_Sp_OE21-4-E6C6POS.mzML | B37: OE21-4-E6C6POS | C37: batch_02_OE21-4-POS | D37: Bacteria | E37: Actinomycetota | F37: 201174 | G37: core_candidate | H37: Bacteria | I37: Actinomycetota | K37: Actinomycetia | L37: Mycobacteriales | M37: Nocardiaceae | N37: Rhodococcus | O37: unclassified | P37: 1827 | Q37: rqi | R37: 0 | W37: ncbi-phylum-2026-08-04-v1 | X37: submitted table | Y37: yes
A38: Aspergillus_nidulans_HBs_F02_OE21-4-E8F38POS.mzML | B38: OE21-4-E8F38POS | C38: batch_02_OE21-4-POS | D38: Fungi | E38: Ascomycota | F38: 4890 | G38: core_candidate | H38: Fungi | I38: Ascomycota | K38: Eurotiomycetes | L38: Eurotiales | M38: Aspergillaceae | N38: Aspergillus | O38: Aspergillus nidulans | P38: 162425 | Q38: afm | R38: 0 | S38: MEB | T38: 22 | U38: aerobic | V38: 5.6 | W38: ncbi-phylum-2026-08-04-v1 | X38: submitted table | Y38: yes
A39: Gibellulopsis_Nigrescens_NG_p09_OE21-4-E8F41POS.mzML | B39: OE21-4-E8F41POS | C39: batch_02_OE21-4-POS | D39: Fungi | E39: Ascomycota | F39: 4890 | G39: core_candidate | H39: Fungi | I39: Ascomycota | K39: Sordariomycetes | L39: Glomerellales | M39: Plectosphaerellaceae | N39: Gibellulopsis | O39: Gibellulopsis nigrescens | P39: 796325 | S39: MEB | T39: 22 | U39: aerobic | V39: 5.6 | W39: ncbi-phylum-2026-08-04-v1 | X39: submitted table | Y39: yes
A40: Warcupia_Sp_D_D17_OE21-4-E8F42POS.mzML | B40: OE21-4-E8F42POS | C40: batch_02_OE21-4-POS | D40: Fungi | E40: Ascomycota | F40: 4890 | G40: core_candidate | H40: Fungi | I40: Ascomycota | K40: Pezizomycetes | L40: Pezizales | M40: Otideaceae | N40: Warcupia | O40: unclassified | P40: 277197 | W40: ncbi-phylum-2026-08-04-v1 | X40: submitted table | Y40: yes
A41: Exophiala_Sp_DG1901_E_OE21-4-E8F44POS.mzML | B41: OE21-4-E8F44POS | C41: batch_02_OE21-4-POS | D41: Fungi | E41: Ascomycota | F41: 4890 | G41: core_candidate | H41: Fungi | I41: Ascomycota | K41: Chaetothyriomycetes | L41: Chaetothyriales | M41: Herpotrichiellaceae | N41: Exophiala | O41: unclassified | P41: 5980 | W41: ncbi-phylum-2026-08-04-v1 | X41: submitted table | Y41: yes
A42: Blastobotrys_Sp_LG1401_ESA_OE21-4-E8F45POS.mzML | B42: OE21-4-E8F45POS | C42: batch_02_OE21-4-POS | D42: Fungi | E42: Ascomycota | F42: 4890 | G42: core_candidate | H42: Fungi | I42: Ascomycota | K42: Saccharomycetes | L42: Saccharomycetales | M42: Trichomonascaceae | N42: Blastobotrys | O42: unclassified | P42: 66765 | W42: ncbi-phylum-2026-08-04-v1 | X42: submitted table | Y42: yes
A43: Pyrenochaeta_Cava_NG_p25_OE21-4-E8F51POS.mzML | B43: OE21-4-E8F51POS | C43: batch_02_OE21-4-POS | D43: Fungi | E43: Ascomycota | F43: 4890 | G43: core_candidate | H43: Fungi | I43: Ascomycota | K43: Dothideomycetes | L43: Pleosporales | M43: Cucurbitariaceae | N43: Neocucurbitaria | O43: Neocucurbitaria cava | P43: 1685289 | W43: ncbi-phylum-2026-08-04-v1 | X43: submitted table | Y43: yes
A44: Geomyces_Sp_N_J2_OE21-4-E8F56POS.mzML | B44: OE21-4-E8F56POS | C44: batch_02_OE21-4-POS | D44: Fungi | E44: Ascomycota | F44: 4890 | G44: core_candidate | H44: Fungi | I44: Ascomycota | K44: Leotiomycetes | L44: Thelebolales | M44: Pseuderotiaceae | N44: Geomyces | O44: Unclassified | P44: 229535 | W44: ncbi-phylum-2026-08-04-v1 | X44: submitted table | Y44: yes
A45: Lentinula_Edodes_OE21-4-F10POS.mzML | B45: OE21-4-F10POS | C45: batch_02_OE21-4-POS | D45: Fungi | E45: Basidiomycota | F45: 5204 | G45: core_candidate | H45: Fungi | I45: Basidiomycota | K45: Agaricomycetes | L45: Agaricales | M45: Omphalotaceae | N45: Lentinula | O45: Lentinula Edodes | P45: 5353 | R45: 4753.02 | S45: N/A - fruiting body | W45: ncbi-phylum-2026-08-04-v1 | X45: submitted table | Y45: yes
A46: Craterellus_Cornucopioides_OE21-4-F12POS.mzML | B46: OE21-4-F12POS | C46: batch_02_OE21-4-POS | D46: Fungi | E46: Basidiomycota | F46: 5204 | G46: core_candidate | H46: Fungi | I46: Basidiomycota | K46: Agaricomycetes | L46: Cantharellales | M46: Hydnaceae | N46: Carterellus | O46: Carterellus cornucopioides | P46: 38291 | R46: 4723.71 | S46: N/A - fruiting body | W46: ncbi-phylum-2026-08-04-v1 | X46: submitted table | Y46: yes
A47: Tetracladium_Marchalianum_OE21-4-F29POS.mzML | B47: OE21-4-F29POS | C47: batch_02_OE21-4-POS | D47: Fungi | E47: Ascomycota | F47: 4890 | G47: core_candidate | H47: Fungi | I47: Ascomycota | K47: Leotiomycetes | L47: Helotiales | M47: Helotiaceae | N47: Tetracladium | O47: Tetracladium marchalianum | P47: 164538 | R47: 4744.14 | S47: MEB | T47: 22 | U47: aerobic | V47: 5.6 | W47: ncbi-phylum-2026-08-04-v1 | X47: submitted table | Y47: yes
A48: Psilocybe_Cyanescens_OE21-4-F5POS.mzML | B48: OE21-4-F5POS | C48: batch_02_OE21-4-POS | D48: Fungi | E48: Basidiomycota | F48: 5204 | G48: core_candidate | H48: Fungi | I48: Basidiomycota | K48: Agaricomycetes | L48: Agaricales | M48: hymenogastraceae | N48: Psilocybe | O48: Psilocybe cyanescens | P48: 93625 | Q48: pcub | R48: 4712.51 | S48: 90 | T48: 22 | U48: aerobic | V48: 5.6 | W48: ncbi-phylum-2026-08-04-v1 | X48: submitted table | Y48: yes
A49: Auricularia_Polytricha_OE21-4-F7POS.mzML | B49: OE21-4-F7POS | C49: batch_02_OE21-4-POS | D49: Fungi | E49: Basidiomycota | F49: 5204 | G49: core_candidate | H49: Fungi | I49: Basidiomycota | K49: Agaricomycetes | L49: Auriculariales | M49: Auriculariaceae | N49: Auricularia | O49: Auricularia nigricans | P49: 1331584 | Q49: adl | R49: 4799.31 | S49: N/A - fruiting body | W49: ncbi-phylum-2026-08-04-v1 | X49: submitted table | Y49: yes
A50: Hericium_Sp_OE21-4-F8POS.mzML | B50: OE21-4-F8POS | C50: batch_02_OE21-4-POS | D50: Fungi | E50: Basidiomycota | F50: 5204 | G50: core_candidate | H50: Fungi | I50: Basidiomycota | K50: Agaricomycetes | L50: Russulales | M50: Hericiaceae | N50: Hericium | O50: Hericium erinaceus | P50: 91752 | R50: 5884.1 | S50: N/A - fruiting body | W50: ncbi-phylum-2026-08-04-v1 | X50: submitted table | Y50: yes
A51: Grifola_Frondosa_OE21-4-F9POS.mzML | B51: OE21-4-F9POS | C51: batch_02_OE21-4-POS | D51: Fungi | E51: Basidiomycota | F51: 5204 | G51: core_candidate | H51: Fungi | I51: Basidiomycota | K51: Agaricomycetes | L51: Polyporales | M51: Grifolaceae | N51: Grifola | O51: Grifola Frondosa | P51: 5627 | R51: 4655.01 | S51: N/A - fruiting body | W51: ncbi-phylum-2026-08-04-v1 | X51: submitted table | Y51: yes
A52: Tortella_Tortuosa_OE21-4-P1POS.mzML | B52: OE21-4-P1POS | C52: batch_02_OE21-4-POS | D52: Viridiplantae | E52: Streptophyta | F52: 35493 | G52: core_candidate | H52: Plantae | I52: Bryophyta | J52: yes | K52: Bryopsida | L52: Pottiales | M52: Pottiaceae | N52: Tortella | O52: Tortella Tortuosa | P52: 84646 | R52: 4969.34 | S52: N/A - field collected | W52: ncbi-phylum-2026-08-04-v1 | X52: submitted table | Y52: yes
A53: Artichum_Undulatum_OE21-4-P2POS.mzML | B53: OE21-4-P2POS | C53: batch_02_OE21-4-POS | D53: Viridiplantae | E53: Streptophyta | F53: 35493 | G53: core_candidate | H53: Plantae | I53: Bryophyta | J53: yes | K53: Polytrichopsida | L53: Polytrichales | M53: Polytrichaceae | N53: Artichum | O53: Artichum Undulatum | P53: 38592 | R53: 4938.06 | S53: N/A - field collected | W53: ncbi-phylum-2026-08-04-v1 | X53: submitted table | Y53: yes
A54: Hypnum_Cupressiforme_OE21-4-P4POS.mzML | B54: OE21-4-P4POS | C54: batch_02_OE21-4-POS | D54: Viridiplantae | E54: Streptophyta | F54: 35493 | G54: core_candidate | H54: Plantae | I54: Bryophyta | J54: yes | K54: Bryopsida | L54: Hypnales | M54: Hypnaceae | N54: Hypnum | O54: Hypnum cupressiforme | P54: 53011 | R54: 4589.57 | S54: N/A - field collected | W54: ncbi-phylum-2026-08-04-v1 | X54: submitted table | Y54: yes
A55: Marchantia_Polymorpha_OE21-4-P5POS.mzML | B55: OE21-4-P5POS | C55: batch_02_OE21-4-POS | D55: Viridiplantae | E55: Streptophyta | F55: 35493 | G55: core_candidate | H55: Plantae | I55: Marchantiophyta | J55: yes | K55: Marchantiopsida | L55: Marchantiales | M55: Marchantiaceae | N55: Marchantia | O55: Marchantia polymorpha | P55: 3197 | R55: 4646.78 | S55: N/A - field collected | W55: ncbi-phylum-2026-08-04-v1 | X55: submitted table | Y55: yes
A56: Bazzania_Trilobata_OE21-4-P6POS.mzML | B56: OE21-4-P6POS | C56: batch_02_OE21-4-POS | D56: Viridiplantae | E56: Streptophyta | F56: 35493 | G56: core_candidate | H56: Plantae | I56: Marchantiophyta | J56: yes | K56: Jungermanniopsida | L56: Lepidoziales | M56: Lepidoziaceae | N56: Bazzania | O56: Bazzania trilobata | P56: 13808 | R56: 5136.57 | S56: N/A - field collected | W56: ncbi-phylum-2026-08-04-v1 | X56: submitted table | Y56: yes
A57: Sphagnum_Magellanicum_OE21-4-P7POS.mzML | B57: OE21-4-P7POS | C57: batch_02_OE21-4-POS | D57: Viridiplantae | E57: Streptophyta | F57: 35493 | G57: core_candidate | H57: Plantae | I57: Bryophyta | J57: yes | K57: Sphagnopsida | L57: Sphagnales | M57: Sphagnaceae | N57: Sphagnum | O57: Sphagnum magellanicum | P57: 128215 | R57: 4902.12 | S57: N/A - field collected | W57: ncbi-phylum-2026-08-04-v1 | X57: submitted table | Y57: yes
A58: Metzgeria_Conjugata_OE21-4-P9POS.mzML | B58: OE21-4-P9POS | C58: batch_02_OE21-4-POS | D58: Viridiplantae | E58: Streptophyta | F58: 35493 | G58: core_candidate | H58: Plantae | I58: Marchantiophyta | J58: yes | K58: Jungermanniopsida | L58: Metzgeriales | M58: Metygeriaceae | N58: Metzgeria | O58: Metzgeria conjugata | P58: 152249 | R58: 4903.32 | S58: N/A - field collected | W58: ncbi-phylum-2026-08-04-v1 | X58: submitted table | Y58: yes
A59: Armadillidium_vulgare_I5POS_20240925024318.mzML | B59: I5POS_20240925024318 | C59: batch_03_OE23-POS | D59: Animalia | E59: Arthropoda | F59: 6656 | G59: core_candidate | H59: Animalia | I59: Arthropoda | K59: Malacostraca | L59: Isopoda | M59: Armadillidiidae | N59: Armadillidium | O59: Armadillidium vulgare | P59: 96821 | R59: 4953.16 | S59: N/A - field collected | W59: ncbi-phylum-2026-08-04-v1 | X59: submitted table | Y59: yes
A60: Pomatias_elegans_I8POS.mzML | B60: I8POS | C60: batch_03_OE23-POS | D60: Animalia | E60: Mollusca | F60: 6447 | G60: core_candidate | H60: Animalia | I60: Mollusca | K60: Gastropoda | L60: Littorinimorpha | M60: Pomatiidae | N60: Pomatias | O60: Pomatias elegans | P60: 145640 | R60: 5093.5 | S60: N/A - field collected | W60: ncbi-phylum-2026-08-04-v1 | X60: submitted table | Y60: yes
A61: Pomatias_elegans_I8POS_20240925010944.mzML | B61: I8POS_20240925010944 | C61: batch_03_OE23-POS | D61: Animalia | E61: Mollusca | F61: 6447 | G61: core_candidate | H61: Animalia | I61: Mollusca | K61: Gastropoda | L61: Littorinimorpha | M61: Pomatiidae | N61: Pomatias | O61: Pomatias elegans | P61: 145640 | R61: 5093.5 | S61: N/A - field collected | W61: ncbi-phylum-2026-08-04-v1 | X61: submitted table | Y61: yes
A62: Glomeris_marginota_I9POS.mzML | B62: I9POS | C62: batch_03_OE23-POS | D62: Animalia | E62: Arthropoda | F62: 6656 | G62: core_candidate | H62: Animalia | I62: Arthropoda | K62: Diplopoda | L62: Glomerida | M62: Glomeridae | N62: Glomeris | O62: Glomeris marginata | P62: 62006 | R62: 4912.99 | S62: N/A - field collected | W62: ncbi-phylum-2026-08-04-v1 | X62: submitted table | Y62: yes
A63: Acrogalumna_longipluma_Lu03POS_20240924172144.mzML | B63: LU03POS_20240924172144 | C63: batch_03_OE23-POS | D63: Animalia | E63: Arthropoda | F63: 6656 | G63: core_candidate | H63: Animalia | I63: Arthropoda | K63: arachnida | L63: Sarcoptiformes | M63: Galumnidae | N63: Allogalumna | O63: Allogalumna longipluma | P63: 708378 | R63: 4280.44 | S63: Yeast | W63: ncbi-phylum-2026-08-04-v1 | X63: submitted table | Y63: yes
A64: Heteromurus_nitidus_Lu04POS_20240924110720.mzML | B64: LU04POS_20240924110720 | C64: batch_03_OE23-POS | D64: Animalia | E64: Arthropoda | F64: 6656 | G64: core_candidate | H64: Animalia | I64: Arthropoda | K64: Collembola | L64: Entomobryomorpha | M64: Orchesellidae | N64: Heteromurus | O64: Heteromurus nitidus | P64: 254095 | R64: 5207.98 | S64: Yeast | W64: ncbi-phylum-2026-08-04-v1 | X64: submitted table | Y64: yes
A65: Sinella_curviseta_Lu05POS.mzML | B65: LU05POS | C65: batch_03_OE23-POS | D65: Animalia | E65: Arthropoda | F65: 6656 | G65: core_candidate | H65: Animalia | I65: Arthropoda | K65: Collembola | L65: Entomobryomorpha | M65: Entomobryidae | N65: Sinella | O65: Sinella curviseta | P65: 187695 | R65: 4774.5 | S65: Yeast | W65: ncbi-phylum-2026-08-04-v1 | X65: submitted table | Y65: yes
A66: Protaphorura_fimata_Lu07POS_20240924182408.mzML | B66: LU07POS_20240924182408 | C66: batch_03_OE23-POS | D66: Animalia | E66: Arthropoda | F66: 6656 | G66: core_candidate | H66: Animalia | I66: Arthropoda | K66: Collembola | L66: Poduromorpha | M66: Onychiuridae | N66: Protaphorura | O66: Protaphorura fimata | P66: 1519113 | R66: 5109.97 | S66: Yeast | W66: ncbi-phylum-2026-08-04-v1 | X66: submitted table | Y66: yes
A67: Sinella_curviseta_Lu08POS.mzML | B67: LU08POS | C67: batch_03_OE23-POS | D67: Animalia | E67: Arthropoda | F67: 6656 | G67: core_candidate | H67: Animalia | I67: Arthropoda | K67: Collembola | L67: Entomobryomorpha | M67: Entomobryidae | N67: Sinella | O67: Sinella curviseta | P67: 187695 | R67: 4650.37 | S67: Yeast | W67: ncbi-phylum-2026-08-04-v1 | X67: submitted table | Y67: yes
A68: Acrogalumna_longipluma_Lu11POS.mzML | B68: LU11POS | C68: batch_03_OE23-POS | D68: Animalia | E68: Arthropoda | F68: 6656 | G68: core_candidate | H68: Animalia | I68: Arthropoda | K68: arachnida | L68: Sarcoptiformes | M68: Galumnidae | N68: Allogalumna | O68: Allogalumna longipluma | P68: 708378 | R68: 4889.11 | S68: Yeast | W68: ncbi-phylum-2026-08-04-v1 | X68: submitted table | Y68: yes
A69: Scheloribates_sp_Lu12POS.mzML | B69: LU12POS | C69: batch_03_OE23-POS | D69: Animalia | E69: Arthropoda | F69: 6656 | G69: core_candidate | H69: Animalia | I69: Arthropoda | K69: Arachnida | L69: Sarcoptiformes | M69: Scheloribatidae | N69: Scheloribates | O69: unclassified | P69: 253792 | R69: 5337.14 | W69: ncbi-phylum-2026-08-04-v1 | X69: submitted table | Y69: yes
A70: Folsomia_candida_Lu13POS.mzML | B70: LU13POS | C70: batch_03_OE23-POS | D70: Animalia | E70: Arthropoda | F70: 6656 | G70: core_candidate | H70: Animalia | I70: Arthropoda | K70: Collembola | L70: Entomobryomorpha | M70: Isotomidae | N70: Folsomia | O70: Folsomia candida | P70: 158441 | Q70: fcd | R70: 5273.41 | S70: Yeast | W70: ncbi-phylum-2026-08-04-v1 | X70: submitted table | Y70: yes
A71: Heteromurus_nitidus_Lu16POS.mzML | B71: LU16POS | C71: batch_03_OE23-POS | D71: Animalia | E71: Arthropoda | F71: 6656 | G71: core_candidate | H71: Animalia | I71: Arthropoda | K71: Collembola | L71: Entomobryomorpha | M71: Orchesellidae | N71: Heteromurus | O71: Heteromurus nitidus | P71: 254095 | R71: 5137.04 | S71: Yeast | W71: ncbi-phylum-2026-08-04-v1 | X71: submitted table | Y71: yes
A72: wheatgrass_(Grass)_Lu18POS.mzML | B72: LU18POS | C72: batch_03_OE23-POS | D72: Viridiplantae | E72: Streptophyta | F72: 35493 | G72: core_candidate | H72: Plantae | I72: Magnoliophyta | J72: yes | K72: Liliopsida | L72: Poales | M72: Poaceae | N72: wheatgrass | O72: wheatgrass (Grass) | P72: 4565 | Q72: osa | R72: 4502.82 | W72: ncbi-phylum-2026-08-04-v1 | X72: submitted table | Y72: yes
A73: Heterorhabditis_Sp_N1POS.mzML | B73: N1POS | C73: batch_03_OE23-POS | D73: Animalia | E73: Nematoda | F73: 6231 | G73: core_candidate | H73: Animalia | I73: Nematoda | K73: Chromadorea | L73: Rhabditida | M73: Heterorhabditidae | N73: Heterorhabditis | O73: Heterorhabditis Sp | P73: 6316 | R73: 4399.16 | W73: ncbi-phylum-2026-08-04-v1 | X73: submitted table | Y73: yes
A74: Steinernema_feltiae_N2POS.mzML | B74: N2POS | C74: batch_03_OE23-POS | D74: Animalia | E74: Nematoda | F74: 6231 | G74: core_candidate | H74: Animalia | I74: Nematoda | K74: Chromadorea | L74: Rhabditida | M74: Steinernematidae | N74: Steinernema | O74: Steinernema feltiae | P74: 52066 | R74: 5143.09 | W74: ncbi-phylum-2026-08-04-v1 | X74: submitted table | Y74: yes
A75: Steinernema_feltiae_N2POS_20240925051918.mzML | B75: N2POS_20240925051918 | C75: batch_03_OE23-POS | D75: Animalia | E75: Nematoda | F75: 6231 | G75: core_candidate | H75: Animalia | I75: Nematoda | K75: Chromadorea | L75: Rhabditida | M75: Steinernematidae | N75: Steinernema | O75: Steinernema feltiae | P75: 52066 | R75: 5143.09 | W75: ncbi-phylum-2026-08-04-v1 | X75: submitted table | Y75: yes
A76: Steinernema_Carpocapsae_N3POS.mzML | B76: N3POS | C76: batch_03_OE23-POS | D76: Animalia | E76: Nematoda | F76: 6231 | G76: core_candidate | H76: Animalia | I76: Nematoda | K76: Chromadorea | L76: Rhabditida | M76: Steinernematidae | N76: Steinernema | O76: Steinernema Carpocapsae | P76: 34508 | R76: 4666.78 | W76: ncbi-phylum-2026-08-04-v1 | X76: submitted table | Y76: yes
A77: Anabaena_torulosa_P34POS.mzML | B77: P34POS | C77: batch_03_OE23-POS | D77: Bacteria | E77: Cyanobacteriota | F77: 1117 | G77: core_candidate | H77: Bacteria | I77: Cyanobacteriota | K77: Cyanophyceae | L77: Nostocales | M77: Nostocaceae | N77: Anabaena | O77: Anabaena torulosa | P77: 156211 | R77: 2465.26 | W77: ncbi-phylum-2026-08-04-v1 | X77: submitted table | Y77: yes
A78: Micrasterias_mahabuleshwarensis_P37POS.mzML | B78: P37POS | C78: batch_03_OE23-POS | D78: Viridiplantae | E78: Streptophyta | F78: 35493 | G78: core_candidate | H78: Plantae | I78: Charophyta | J78: yes | K78: Zygnematophyceae | L78: Desmidiales | M78: Desmidiaceae | N78: Micrasterias | O78: Micrasterias mahabuleshwarensis | P78: 265670 | R78: 4711.47 | W78: ncbi-phylum-2026-08-04-v1 | X78: submitted table | Y78: yes
A79: Cladophora_P46POS.mzML | B79: P46POS | C79: batch_03_OE23-POS | D79: Viridiplantae | E79: Chlorophyta | F79: 3041 | G79: core_candidate | H79: Plantae | I79: Chlorophyta | K79: Ulvophyceae | L79: Cladophorales | M79: Cladophoraceae | N79: Cladophora | O79: Various species | P79: 3152 | R79: 4801.03 | W79: ncbi-phylum-2026-08-04-v1 | X79: submitted table | Y79: yes
A80: Chlorodesmis_P49POS.mzML | B80: P49POS | C80: batch_03_OE23-POS | D80: Viridiplantae | E80: Chlorophyta | F80: 3041 | G80: core_candidate | H80: Plantae | I80: Chlorophyta | K80: Ulvophyceae | L80: Bryopsidales | M80: Udoteaceae | N80: Chlorodesmis | O80: Various species | P80: 51515 | R80: 4738.2 | W80: ncbi-phylum-2026-08-04-v1 | X80: submitted table | Y80: yes
A81: BryopsisP55POS.mzML | B81: P55POS | C81: batch_03_OE23-POS | D81: Viridiplantae | E81: Chlorophyta | F81: 3041 | G81: core_candidate | H81: Plantae | I81: Chlorophyta | K81: Ulvophyceae | L81: Bryopsidales | M81: Bryopsidaceae | N81: Bryopsis | O81: Various species | P81: 3049 | R81: 5114.89 | W81: ncbi-phylum-2026-08-04-v1 | X81: submitted table | Y81: yes
A82: Ulva_P56POS_20240924144544.mzML | B82: P56POS_20240924144544 | C82: batch_03_OE23-POS | D82: Viridiplantae | E82: Chlorophyta | F82: 3041 | G82: core_candidate | H82: Plantae | I82: Chlorophyta | K82: Ulvophyceae | L82: Ulvales | M82: Ulvaceae | N82: Ulva | O82: Various species | P82: 3115 | R82: 4626.72 | W82: ncbi-phylum-2026-08-04-v1 | X82: submitted table | Y82: yes
A83: Chlamydomonas_sp_ (ASW 05181)_P58POS_20240924151656.mzML | B83: P58POS_20240924151656 | C83: batch_03_OE23-POS | D83: Viridiplantae | E83: Chlorophyta | F83: 3041 | G83: core_candidate | H83: Plantae | I83: Chlorophyta | K83: Chlorophyceae | L83: Chlamydomonadales | M83: Chlamydomonadaceae | N83: Chlamydomonas | O83: Chlamydomonas sp. | P83: 3052 | Q83: cre | W83: ncbi-phylum-2026-08-04-v1 | X83: submitted table | Y83: yes
A84: Arthrobacter_sp_OE25102891POS.mzML | B84: 102891POS | C84: batch_04_OE26-1POS | G84: excluded | H84: Bacteria | I84: Actinomycetota | J84: yes | K84: Actinomycetes | L84: Micrococcales | M84: Micrococcaceae | N84: Arthrobacter | O84: Arthrobacter sp | P84: 1663 | S84: TSA | T84: 20 | W84: ncbi-phylum-2026-08-04-v1 | X84: submitted table | Y84: no
A85: OE25AC1BU-2POS.mzML | B85: OE25AC1BU-2POS | C85: batch_04_OE26-1POS | D85: Protists | E85: Discosea | F85: 555280 | G85: core_candidate | H85: Protozoa | I85: Amoebozoa | J85: yes | K85: Discosea | L85: Centramoebida | M85: Acanthamoebidae | N85: Acantamoeba castelanii 1BU | P85: 5755 | Q85: acan | W85: ncbi-phylum-2026-08-04-v1 | X85: submitted table | Y85: yes
A86: OE25AC1BU1POS.mzML | B86: OE25AC1BU1POS | C86: batch_04_OE26-1POS | D86: Protists | E86: Discosea | F86: 555280 | G86: core_candidate | H86: Protozoa | I86: Amoebozoa | J86: yes | K86: Discosea | L86: Centramoebida | M86: Acanthamoebidae | N86: Acantamoeba castelanii 1BU | P86: 5755 | Q86: acan | W86: ncbi-phylum-2026-08-04-v1 | X86: submitted table | Y86: yes
A87: OE25AC1BU3POS.mzML | B87: OE25AC1BU3POS | C87: batch_04_OE26-1POS | D87: Protists | E87: Discosea | F87: 555280 | G87: core_candidate | H87: Protozoa | I87: Amoebozoa | J87: yes | K87: Discosea | L87: Centramoebida | M87: Acanthamoebidae | N87: Acantamoeba castelanii 1BU | P87: 5755 | Q87: acan | W87: ncbi-phylum-2026-08-04-v1 | X87: submitted table | Y87: yes
A88: OE25AGS-3POS.mzML | B88: OE25AGS-3POS | C88: batch_04_OE26-1POS | D88: Protists | E88: Discosea | F88: 555280 | G88: core_candidate | H88: Protozoa | I88: Amoebozoa | J88: yes | K88: Discosea | L88: Centramoebida | M88: Acanthamoebidae | N88: Acantamoeba griffini Sawyer | P88: 5755 | Q88: acan | W88: ncbi-phylum-2026-08-04-v1 | X88: submitted table | Y88: yes
A89: Cafeteria_algaeOE25CaferRCC970POS.mzML | B89: OE25CaferRCC970POS | C89: batch_04_OE26-1POS | G89: descriptive_only | H89: Protozoa | I89: Bicosoecida | J89: yes | K89: Bikosea | L89: Bicosoecida | M89: Cafeteriaceae | N89: Cafeteria | O89: Cafeteria algaeOE25CaferRCC970POS.mzML | P89: 33653 | W89: ncbi-phylum-2026-08-04-v1 | X89: submitted table | Y89: no
A90: Aspergillus_brasiliensis_OE25DSM1988POS.mzML | B90: DSM1988POS | C90: batch_04_OE26-1POS | G90: excluded | H90: Fungi | I90: Ascomycota | J90: yes | K90: Eurotiomycetes | L90: Eurotiales | M90: Aspergillaceae | N90: Aspergillus | O90: Aspergillus brasiliensis | P90: 319629 | Q90: anig | S90: MEB | T90: 22 | U90: aerobic | V90: 5.6 | W90: ncbi-phylum-2026-08-04-v1 | X90: submitted table | Y90: no
A91: Escherichia_coli_OE25ECOLI1POS.mzML | B91: OE25ECOLI1POS | C91: batch_04_OE26-1POS | D91: Bacteria | E91: Pseudomonadota | F91: 1224 | G91: core_candidate | H91: Bacteria | I91: Pseudomonadota | K91: Gammaproteobacteria | L91: Enterobacterales | M91: Enterobacteriaceae | N91: Escherichia | O91: Escherichia coli | P91: 562 | Q91: eco | W91: ncbi-phylum-2026-08-04-v1 | X91: submitted table | Y91: yes
A92: Escherichia_coli_OE25ECOLI2POS.mzML | B92: OE25ECOLI2POS | C92: batch_04_OE26-1POS | D92: Bacteria | E92: Pseudomonadota | F92: 1224 | G92: core_candidate | H92: Bacteria | I92: Pseudomonadota | K92: Gammaproteobacteria | L92: Enterobacterales | M92: Enterobacteriaceae | N92: Escherichia | O92: Escherichia coli | P92: 562 | Q92: eco | W92: ncbi-phylum-2026-08-04-v1 | X92: submitted table | Y92: yes
A93: Escherichia_coli_OE25ECOLI3POS.mzML | B93: OE25ECOLI3POS | C93: batch_04_OE26-1POS | D93: Bacteria | E93: Pseudomonadota | F93: 1224 | G93: core_candidate | H93: Bacteria | I93: Pseudomonadota | K93: Gammaproteobacteria | L93: Enterobacterales | M93: Enterobacteriaceae | N93: Escherichia | O93: Escherichia coli | P93: 562 | Q93: eco | W93: ncbi-phylum-2026-08-04-v1 | X93: submitted table | Y93: yes
A94: Agaricus_bisporus_OE25F11POS.mzML | B94: OE25F11POS | C94: batch_04_OE26-1POS | D94: Fungi | E94: Basidiomycota | F94: 5204 | G94: core_candidate | H94: Fungi | I94: Basidiomycota | K94: Agaricomycetes | L94: Agaricales | M94: Agaricaceae | N94: Agaricus | O94: Agaricus bisporus | P94: 5341 | Q94: abv | S94: N/A - fruiting body | W94: ncbi-phylum-2026-08-04-v1 | X94: submitted table | Y94: yes
A95: Morchella_elata_OE25F13POS.mzML | B95: OE25F13POS | C95: batch_04_OE26-1POS | D95: Fungi | E95: Ascomycota | F95: 4890 | G95: core_candidate | H95: Fungi | I95: Ascomycota | K95: Pezizomycetes | L95: Pezizales | M95: Morchellaceae | N95: Morchella | O95: Morchella elata | P95: 39930 | S95: N/A - fruiting body | W95: ncbi-phylum-2026-08-04-v1 | X95: submitted table | Y95: yes
A96: Amanita_caesarea_OE25F15POS.mzML | B96: OE25F15POS | C96: batch_04_OE26-1POS | D96: Fungi | E96: Basidiomycota | F96: 5204 | G96: core_candidate | H96: Fungi | I96: Basidiomycota | K96: Agaricomycetes | L96: Agaricales | M96: Amanitaceae | N96: Amanita | O96: Amanita caesarea | P96: 67695 | S96: N/A - fruiting body | W96: ncbi-phylum-2026-08-04-v1 | X96: submitted table | Y96: yes
A97: Periconia_macrospinosa_OE25F1POS.mzML | B97: OE25F1POS | C97: batch_04_OE26-1POS | D97: Fungi | E97: Ascomycota | F97: 4890 | G97: core_candidate | H97: Fungi | I97: Ascomycota | K97: Dothideomycetes | L97: Pleosporales | M97: Periconiaceae | N97: Periconia | O97: Periconia macrospinosa | P97: 97972 | S97: 191 | T97: 26 | U97: aerobic | W97: ncbi-phylum-2026-08-04-v1 | X97: submitted table | Y97: yes
A98: Trichoderma_flavofuscum_OE25F2POS.mzML | B98: OE25F2POS | C98: batch_04_OE26-1POS | D98: Fungi | E98: Ascomycota | F98: 4890 | G98: core_candidate | H98: Fungi | I98: Ascomycota | K98: Sordariomycetes | L98: Hypocreales | M98: Hypocreaceae | N98: Trichoderma | O98: Trichoderma flavofuscum | P98: 29875 | Q98: tre | S98: 129 | T98: 26 | U98: aerobic | W98: ncbi-phylum-2026-08-04-v1 | X98: submitted table | Y98: yes
A99: Schizosaccharomyces_pombe_OE25F30POS.mzML | B99: OE25F30POS | C99: batch_04_OE26-1POS | D99: Fungi | E99: Ascomycota | F99: 4890 | G99: core_candidate | H99: Fungi | I99: Ascomycota | K99: Schizosaccharomycetes | L99: Schizosaccharomycetales | M99: Schizosaccharomycetaceae | N99: Schizosaccharomyces | O99: Schizosaccharomyces pombe | P99: 4896 | Q99: spo | S99: MEB | T99: 22 | U99: aerobic | V99: 5.6 | W99: ncbi-phylum-2026-08-04-v1 | X99: submitted table | Y99: yes
A100: Mortierella_gamsii_wm14d1_OE25F31POS.mzML | B100: OE25F31POS | C100: batch_04_OE26-1POS | D100: Fungi | E100: Mortierellomycota | F100: 3705878 | G100: core_candidate | H100: Fungi | I100: Mucoromycota | J100: yes | K100: Mortierellomycetes | L100: Mortierellales | M100: Mortierellaceae | N100: Mortierella | O100: Mortierella gamsii | P100: 1491961 | S100: MEB | T100: 22 | U100: aerobic | V100: 5.6 | W100: ncbi-phylum-2026-08-04-v1 | X100: submitted table | Y100: yes
A101: Rhizopus_oryzae_OE25F32POS.mzML | B101: OE25F32POS | C101: batch_04_OE26-1POS | D101: Fungi | E101: Mucoromycota | F101: 1913637 | G101: core_candidate | H101: Fungi | I101: Mucoromycota | K101: Mucoromycetes | L101: Mucorales | M101: Rhizopodaceae | N101: Rhizopus | O101: Rhizopus oryzae | P101: 64495 | S101: MEB | T101: 22 | U101: aerobic | V101: 5.6 | W101: ncbi-phylum-2026-08-04-v1 | X101: submitted table | Y101: yes
...

Sheet S1_Per_phylum_summary
A1: Supplementary Table S1b. Per-phylum inventory (core samples)
A2: Sample and genus counts per release phylum. n_species is not reported - see Notes.
A4: Kingdom (release) | B4: Phylum (release) | C4: n_samples | D4: n_genera | E4: In strict analysis set
A5: Animalia | B5: Arthropoda | C5: =COUNTIFS(Per_sample_inventory!$E$5:$E$180,B5,Per_sample_inventory!$Y$5:$Y$180,"yes") | D5: 8 | E5: yes
A6: Animalia | B6: Mollusca | C6: =COUNTIFS(Per_sample_inventory!$E$5:$E$180,B6,Per_sample_inventory!$Y$5:$Y$180,"yes") | D6: 1 | E6: yes
A7: Animalia | B7: Nematoda | C7: =COUNTIFS(Per_sample_inventory!$E$5:$E$180,B7,Per_sample_inventory!$Y$5:$Y$180,"yes") | D7: 2 | E7: yes
A8: Archaea | B8: Methanobacteriota | C8: =COUNTIFS(Per_sample_inventory!$E$5:$E$180,B8,Per_sample_inventory!$Y$5:$Y$180,"yes") | D8: 9 | E8: yes
A9: Archaea | B9: Thermoproteota | C9: =COUNTIFS(Per_sample_inventory!$E$5:$E$180,B9,Per_sample_inventory!$Y$5:$Y$180,"yes") | D9: 1 | E9: yes
A10: Bacteria | B10: Actinomycetota | C10: =COUNTIFS(Per_sample_inventory!$E$5:$E$180,B10,Per_sample_inventory!$Y$5:$Y$180,"yes") | D10: 6 | E10: yes
A11: Bacteria | B11: Bacillota | C11: =COUNTIFS(Per_sample_inventory!$E$5:$E$180,B11,Per_sample_inventory!$Y$5:$Y$180,"yes") | D11: 7 | E11: yes
A12: Bacteria | B12: Cyanobacteriota | C12: =COUNTIFS(Per_sample_inventory!$E$5:$E$180,B12,Per_sample_inventory!$Y$5:$Y$180,"yes") | D12: 2 | E12: no (n<2)
A13: Bacteria | B13: Pseudomonadota | C13: =COUNTIFS(Per_sample_inventory!$E$5:$E$180,B13,Per_sample_inventory!$Y$5:$Y$180,"yes") | D13: 4 | E13: yes
A14: Fungi | B14: Ascomycota | C14: =COUNTIFS(Per_sample_inventory!$E$5:$E$180,B14,Per_sample_inventory!$Y$5:$Y$180,"yes") | D14: 22 | E14: yes
A15: Fungi | B15: Basidiomycota | C15: =COUNTIFS(Per_sample_inventory!$E$5:$E$180,B15,Per_sample_inventory!$Y$5:$Y$180,"yes") | D15: 9 | E15: yes
A16: Fungi | B16: Mortierellomycota | C16: =COUNTIFS(Per_sample_inventory!$E$5:$E$180,B16,Per_sample_inventory!$Y$5:$Y$180,"yes") | D16: 1 | E16: no (n<2)
... A23: Viridiplantae | B23: Streptophyta | C23: =COUNTIFS(Per_sample_inventory!$E$5:$E$180,B23,Per_sample_inventory!$Y$5:$Y$180,"yes") | D23: 14 | E23: yes
A25: n_samples is a live COUNTIFS against S1a. n_genera is computed from the Genus column (first token, case-normalised) and written as a value - a distinct count has no formula form that evaluates reliably outside Excel.

Sheet S2_Notes
A1: Supplementary Table S2. FBMN batch composition (strict release)
A3: Per-batch sample counts, feature counts, organism composition and GNPS2 task IDs. Positive mode.
A5: Feature counts are unchanged from the submitted table and were reproduced exactly from the FBMN quantification tables (total 338,878).
A7: Sample counts were approximations in the submitted table ("~20" ... total "~205"). They are now exact. Two columns are given because the approximations conflated them: all injections assigned to the batch, and biological samples with a valid NCBI phylum ancestor (168 across the six batches).
A9: The submitted "Primary kingdoms" column mixed taxonomic ranks and used retired labels - Bryophyta, Cyanobacteria, Amoebozoa, and the phyla Bacillota and Actinomycetota listed as kingdoms. It is replaced by two rank-explicit columns taken from the locked release. Organism groups are display summaries; phyla are the analysis units.
A11: Batch-organism confounding, restated on the strict labels:
A12: Animalia is confined to a single batch: all 17 animal samples are in batch_03_OE23-POS.
A13: Protists occur in only two batches: batch_05_OE25-1-ALL (12), batch_04_OE26-1POS (6).
A14: batch_06_ALL-25-2 is taxonomically homogeneous: Bacteria 27 - it contains no eukaryotes at all.
A15: Viral samples (n=2) were acquired in batch 06 but are excluded from the study scope by author instruction, so they do not appear in the counts above.
A17: Sheet 'Batch_by_phylum' gives the full batch x phylum matrix so the confounding can be assessed directly.
A19: Taxonomy release: ncbi-phylum-2026-08-04-v1 (locked). Producer: paper2_repro/scripts/build_table_s2_strict16.py

Sheet S2_Table
A1: Supplementary Table S2. FBMN batch composition
A2: Sample counts exact; feature counts reproduced from the quantification tables.
A4: Batch | B4: Name | C4: Samples (all injections) | D4: Samples (biological) | E4: Features | F4: Organism groups (n) | G4: Phyla, strict release (n) | H4: GNPS2 task ID
A5: 01 | B5: OE11-3-POS | C5: 18 | D5: 15 | E5: 40936 | F5: Viridiplantae 5, Fungi 4, Archaea 3, Bacteria 3 | G5: Streptophyta 5, Actinomycetota 3, Methanobacteriota 3, Mucoromycota 2, Basidiomycota 1, Ascomycota 1 | H5: 57a91e57a53f4ab7ac5ccd69fbab2c4e
A6: 02 | B6: OE21-4-POS | C6: 53 | D6: 40 | E6: 84347 | F6: Fungi 15, Bacteria 10, Archaea 8, Viridiplantae 7 | G6: Ascomycota 9, Streptophyta 7, Basidiomycota 6, Bacillota 5, Methanobacteriota 5, Actinomycetota 5, Thermoproteota 3 | H6: 8e0f0e314b814193b42bbcca4af86982
A7: 03 | B7: OE23-POS | C7: 28 | D7: 26 | E7: 89731 | F7: Animalia 17, Viridiplantae 7, Bacteria 2 | G7: Arthropoda 11, Chlorophyta 5, Nematoda 4, Mollusca 2, Cyanobacteriota 2, Streptophyta 2 | H7: bb4fd387ab584c32bae96e74a00b0b08
A8: 04 | B8: OE26-1POS | C8: 48 | D8: 44 | E8: 43206 | F8: Fungi 26, Archaea 8, Protists 6, Bacteria 4 | G8: Ascomycota 17, Methanobacteriota 8, Mucoromycota 5, Discosea 4, Basidiomycota 3, Pseudomonadota 3, Actinomycetota 1, Mortierellomycota 1, Heterolobosea 1, Cercozoa 1 | H8: 26e41456c73f457cbfd6d471b207f37a
A9: 05 | B9: OE25-1-ALL | C9: 18 | D9: 16 | E9: 20424 | F9: Protists 12, Bacteria 4 | G9: Evosea 5, Heterolobosea 4, Discosea 3, Pseudomonadota 3, Bacillota 1 | H9: 5f9c17db47c94bcda93ea3cd12ac1b64
A10: 06 | B10: ALL-25-2-POS | C10: 54 | D10: 27 | E10: 60234 | F10: Bacteria 27 | G10: Bacillota 19, Actinomycetota 6, Pseudomonadota 2 | H10: 9f8b16574b08468f88acf4eca84d2805
A11: Total | C11: =SUM(C5:C10) | D11: =SUM(D5:D10) | E11: =SUM(E5:E10)

Sheet S2_Batch_by_phylum
A1: Supplementary Table S2b. Batch x phylum matrix (biological samples)
A2: Counts of core-candidate samples per strict phylum.
A4: Batch | B4: Actinomycetota | C4: Arthropoda | D4: Ascomycota | E4: Bacillota | F4: Basidiomycota | G4: Cercozoa | H4: Chlorophyta | I4: Cyanobacteriota | J4: Discosea | K4: Evosea | L4: Heterolobosea | M4: Methanobacteriota | N4: Mollusca | O4: Mortierellomycota | P4: Mucoromycota | Q4: Nematoda | R4: Pseudomonadota | S4: Streptophyta | T4: Thermoproteota
A5: batch_01_OE11-3-POS | B5: 3 | C5: 0 | D5: 1 | E5: 0 | F5: 1 | G5: 0 | H5: 0 | I5: 0 | J5: 0 | K5: 0 | L5: 0 | M5: 3 | N5: 0 | O5: 0 | P5: 2 | Q5: 0 | R5: 0 | S5: 5 | T5: 0
A6: batch_02_OE21-4-POS | B6: 5 | C6: 0 | D6: 9 | E6: 5 | F6: 6 | G6: 0 | H6: 0 | I6: 0 | J6: 0 | K6: 0 | L6: 0 | M6: 5 | N6: 0 | O6: 0 | P6: 0 | Q6: 0 | R6: 0 | S6: 7 | T6: 3
A7: batch_03_OE23-POS | B7: 0 | C7: 11 | D7: 0 | E7: 0 | F7: 0 | G7: 0 | H7: 5 | I7: 2 | J7: 0 | K7: 0 | L7: 0 | M7: 0 | N7: 2 | O7: 0 | P7: 0 | Q7: 4 | R7: 0 | S7: 2 | T7: 0
A8: batch_04_OE26-1POS | B8: 1 | C8: 0 | D8: 17 | E8: 0 | F8: 3 | G8: 1 | H8: 0 | I8: 0 | J8: 4 | K8: 0 | L8: 1 | M8: 8 | N8: 0 | O8: 1 | P8: 5 | Q8: 0 | R8: 3 | S8: 0 | T8: 0
A9: batch_05_OE25-1-ALL | B9: 0 | C9: 0 | D9: 0 | E9: 1 | F9: 0 | G9: 0 | H9: 0 | I9: 0 | J9: 3 | K9: 5 | L9: 4 | M9: 0 | N9: 0 | O9: 0 | P9: 0 | Q9: 0 | R9: 3 | S9: 0 | T9: 0
A10: batch_06_ALL-25-2 | B10: 6 | C10: 0 | D10: 0 | E10: 19 | F10: 0 | G10: 0 | H10: 0 | I10: 0 | J10: 0 | K10: 0 | L10: 0 | M10: 0 | N10: 0 | O10: 0 | P10: 0 | Q10: 0 | R10: 2 | S10: 0 | T10: 0

Sheet S3_Diagnostic_ion_database
A1: lipid_class | B1: type | C1: ion_name | D1: m_z_or_neutral_loss
A2: Phospholipid | B2: fragment | C2: Phosphocholine_C5H13NO4P | D2: 184.0733
A3: PE | B3: fragment | C3: Glycerophosphoethanolamine | D3: 196.038
A4: PG | B4: fragment | C4: Glycerophosphoglycerol | D4: 171.0058
A5: PG | B5: fragment | C5: Glycerophosphoglycerol-H2O | D5: 152.9953
A6: PI | B6: fragment | C6: Glycerophosphoinositol | D6: 241.0119
A7: Sphingolipid | B7: fragment | C7: Sphingoid_d18:1 | D7: 264.2686
A8: Sphingolipid | B8: fragment | C8: Sphingoid_d18:1+H2O | D8: 282.2791
A9: Sphingolipid | B9: fragment | C9: Sphingoid_d18:0 | D9: 252.2686
A10: Betaine_Lipid | B10: fragment | C10: DGTS_headgroup | D10: 236.1492
A11: Sterol | B11: fragment | C11: Cholesterol_-H2O | D11: 369.3516
A12: Sterol | B12: fragment | C12: Campesterol_-H2O | D12: 383.3672
... A51: Terpenoid | B51: terpenoid_fragment | C51: RDA_triterpene | D51: 218.2035

Sheet S3_Notes_and_provenance
A1: Supplementary Table S3 — corrected diagnostic MS/MS classifier
A3: Status | B3: Recovered reproducible source
A4: Total rules | B4: 50
A5: Diagnostic fragments | B5: 24
A6: Neutral losses | B6: 5
A7: Terpenoid fragments | B7: 21
A8: Classifier labels | B8: 13
A9: Unsupported prior claim | B9: 66 entries
A10: Missing from claimed set | B10: 16
A11: Authoritative source | B11: ms2_classify_indval.py
A12: Correction | B12: Replace the 66-entry claim with 50 diagnostic rules across 13 classifier labels.
A14: The recovered 33-entry quick-reference table is not the executable classifier. No standalone 66-entry source was found; the missing 16 entries were not inferred or fabricated.

Sheet S4_Notes
A1: Supplementary Table S4. Distance-metric sensitivity of the lipidome-phylogeny Mantel test (strict release)
A3: Mantel r between the phylum-level lipidome distance matrix and the phylogenetic distance matrix, over the 16 analysis phyla (120 pairs), in both ionisation modes.
A5: Bray-Curtis is used for all main analyses; Jaccard and cosine are reported to show the phylogenetic signal is not an artefact of the distance metric.
A7: STATUS: documented recomputation, not a reproduction. The published values were computed on the pre-correction unit scheme, and the phylogeny distance matrix for that scheme is not in the repository (only the 16-phylum matrix exists), so they cannot be recomputed. Consistency check: this code path gives Bray-Curtis r = 0.598 (POS) and 0.761 (NEG) against the published 0.603 and 0.767 - a shift below 0.01. Sheet 'Vs_submitted' places the two side by side.
A9: The submitted table reported Jaccard and cosine for positive mode only and left negative mode as em-dashes. Both are now computed.
A11: Jaccard is computed on presence/absence profiles, the standard for community data; Bray-Curtis and cosine on abundance profiles. The 'Profile basis' column in 'Full_results' records this per row.
A13: p values are permutation-based (label permutations of the phylogeny matrix), not the parametric correlation p. Method and permutation count are given per row in 'Full_results'.
A15: Machinery is Supplementary Figure 1d's, unchanged: same profile builder (cross-batch features, detection >= 5%, mean intensity >= 500), same permutation test, same seeds.
A17: Taxonomy release: ncbi-phylum-2026-08-04-v1 (locked). Producer: paper2_repro/scripts/build_table_s4_strict16.py

Sheet S4_Table
A1: Supplementary Table S4. Distance-metric sensitivity (Mantel r, strict release)
A2: Permutation p values. Negative mode now included for all three metrics.
A4: Distance metric | B4: POS Mantel r | C4: POS p-value | D4: NEG Mantel r | E4: NEG p-value
A5: Bray-Curtis | B5: 0.598 | C5: 0.0001 | D5: 0.761 | E5: 0.0001
A6: Jaccard | B6: 0.421 | C6: 0.0043 | D6: 0.517 | E6: 0.0017
A7: Cosine | B7: 0.452 | C7: 0.0001 | D7: 0.622 | E7: 0.0001

Sheet S4_Full_results
A1: Supplementary Table S4b. Full Mantel results
A2: Per metric and mode, with profile basis, pair counts and permutation method.
A4: Distance metric | B4: Profile basis | C4: Mode | D4: n phyla | E4: n pairs | F4: Mantel r | G4: Mantel p (permutation) | H4: Permutations | I4: Permutation method | J4: Seed
A5: Bray-Curtis | B5: abundance | C5: POS | D5: 16 | E5: 120 | F5: 0.598 | G5: 0.0001 | H5: 9999 | I5: random_9999_label_permutations | J5: 20720247
A6: Jaccard | B6: presence/absence | C6: POS | D6: 16 | E6: 120 | F6: 0.421 | G6: 0.0043 | H6: 9999 | I6: random_9999_label_permutations | J6: 20720247
A7: Cosine | B7: abundance | C7: POS | D7: 16 | E7: 120 | F7: 0.452 | G7: 0.0001 | H7: 9999 | I7: random_9999_label_permutations | J7: 20720247
A8: Bray-Curtis | B8: abundance | C8: NEG | D8: 16 | E8: 120 | F8: 0.761 | G8: 0.0001 | H8: 9999 | I8: random_9999_label_permutations | J8: 21211386
A9: Jaccard | B9: presence/absence | C9: NEG | D9: 16 | E9: 120 | F9: 0.517 | G9: 0.0017 | H9: 9999 | I9: random_9999_label_permutations | J9: 21211386
A10: Cosine | B10: abundance | C10: NEG | D10: 16 | E10: 120 | F10: 0.622 | G10: 0.0001 | H10: 9999 | I10: random_9999_label_permutations | J10: 21211386

Sheet S4_Vs_submitted
A1: Supplementary Table S4c. Strict release vs submitted
A2: Side-by-side. The submitted values are not reproducible - see Notes.
A4: Distance metric | B4: POS Mantel r | C4: POS p-value | D4: NEG Mantel r | E4: NEG p-value | F4: POS Mantel r (submitted) | G4: POS p-value (submitted) | H4: NEG Mantel r (submitted) | I4: NEG p-value (submitted)
A5: Bray-Curtis | B5: 0.598 | C5: 0.0001 | D5: 0.761 | E5: 0.0001 | F5: 0.603 | G5: <0.001 | H5: 0.767 | I5: <0.001
A6: Jaccard | B6: 0.421 | C6: 0.0043 | D6: 0.517 | E6: 0.0017 | F6: 0.361 | G6: <0.001 | H6: — | I6: —
A7: Cosine | B7: 0.452 | C7: 0.0001 | D7: 0.622 | E7: 0.0001 | F7: 0.396 | G7: <0.001 | H7: — | I7: —

Sheet S5_Notes
A1: Supplementary Table S5. Per-phylum biomarker counts by polarity and annotation tier (strict release)
A3: Positive mode: 11,371 biomarkers across 16 analysis phyla. Negative mode: 5,697 biomarkers across 16 phyla.
A5: Annotation tiers: Gold = molecular-species annotation; Silver = sum composition or partial structure; Bronze = lipid-class level; Unidentified = no structural annotation. Silver appears only where the release supports it (the two archaeal phyla, positive mode); negative mode has no Silver tier.
A7: Source: the strict biomarker set in annotation_evidence_pos.csv and annotation_evidence_neg.csv - the same features Figure 2 and Supplementary Figure 7 are built from. Per-phylum, per-tier counts reproduce annotation/tier_counts.csv exactly, and the totals match the release feature counts (11,371 POS, 5,697 NEG).
A9: This is a fresh strict discovery, NOT a relabel of the submitted table (which counted 10,454 POS / 5,741 NEG over the pre-correction 21 / 23 phyla). Relabelling was shown to be invalid: two of three merged units would have been overstated roughly threefold, because a biomarker is defined by contrast against a background and merging changes that background. The strict Streptophyta count (5,168 POS) versus a legacy land-plant sum of 1,554 shows why a fresh discovery, not a sum, is required.
A11: Kingdom labels use the locked policy's ecological_group naming (Viridiplantae, Protists). The two source files disagreed - the positive file already used these, the negative file still carried Plantae / Protozoa - and are reconciled here.
A13: Taxonomy release: ncbi-phylum-2026-08-04-v1 (locked). Producer: paper2_repro/scripts/build_table_s5_strict16.py

Sheet S5_Positive_mode
A1: Supplementary Table S5a. Positive-mode biomarker counts (11,371 biomarkers, 16 analysis phyla)
A2: Strict release biomarker set (indval_consensus + composite discovery), by annotation tier.
A4: Phylum | B4: Kingdom | C4: Gold | D4: Silver | E4: Bronze | F4: Unidentified | G4: Total | H4: Gold+Silver | I4: Annotated | J4: Annotated %
A5: Arthropoda | B5: Animalia | C5: 5 | D5: 0 | E5: 140 | F5: 237 | G5: 382 | H5: 5 | I5: 145 | J5: 38
A6: Mollusca | B6: Animalia | C6: 0 | D6: 0 | E6: 61 | F6: 394 | G6: 455 | H6: 0 | I6: 61 | J6: 13.4
A7: Nematoda | B7: Animalia | C7: 4 | D7: 0 | E7: 148 | F7: 270 | G7: 422 | H7: 4 | I7: 152 | J7: 36
A8: Methanobacteriota | B8: Archaea | C8: 213 | D8: 90 | E8: 164 | F8: 550 | G8: 1017 | H8: 303 | I8: 467 | J8: 45.9
A9: Thermoproteota | B9: Archaea | C9: 47 | D9: 29 | E9: 70 | F9: 170 | G9: 316 | H9: 76 | I9: 146 | J9: 46.2
A10: Actinomycetota | B10: Bacteria | C10: 63 | D10: 0 | E10: 117 | F10: 94 | G10: 274 | H10: 63 | I10: 180 | J10: 65.7
A11: Bacillota | B11: Bacteria | C11: 169 | D11: 0 | E11: 279 | F11: 573 | G11: 1021 | H11: 169 | I11: 448 | J11: 43.9
A12: Pseudomonadota | B12: Bacteria | C12: 103 | D12: 0 | E12: 135 | F12: 175 | G12: 413 | H12: 103 | I12: 238 | J12: 57.6
A13: Ascomycota | B13: Fungi | C13: 13 | D13: 0 | E13: 118 | F13: 130 | G13: 261 | H13: 13 | I13: 131 | J13: 50.2
A14: Basidiomycota | B14: Fungi | C14: 54 | D14: 0 | E14: 204 | F14: 183 | G14: 441 | H14: 54 | I14: 258 | J14: 58.5
A15: Mucoromycota | B15: Fungi | C15: 1 | D15: 0 | E15: 12 | F15: 19 | G15: 32 | H15: 1 | I15: 13 | J15: 40.6
A16: Discosea | B16: Protists | C16: 13 | D16: 0 | E16: 8 | F16: 14 | G16: 35 | H16: 13 | I16: 21 | J16: 60
... A20: Streptophyta | B20: Viridiplantae | C20: 827 | D20: 0 | E20: 2815 | F20: 1526 | G20: 5168 | H20: 827 | I20: 3642 | J20: 70.5
A21: TOTAL | C21: =SUM(C5:C20) | D21: =SUM(D5:D20) | E21: =SUM(E5:E20) | F21: =SUM(F5:F20) | G21: =SUM(G5:G20) | H21: =SUM(H5:H20) | I21: =SUM(I5:I20) | J21: =ROUND(100*I21/G21,1)

Sheet S5_Negative_mode
A1: Supplementary Table S5b. Negative-mode biomarker counts (5,697 biomarkers, 16 analysis phyla)
A2: Strict release biomarker set. Negative mode has no Silver tier.
A4: Phylum | B4: Kingdom | C4: Gold | D4: Silver | E4: Bronze | F4: Unidentified | G4: Total | H4: Gold+Silver | I4: Annotated | J4: Annotated %
A5: Arthropoda | B5: Animalia | C5: 50 | D5: 0 | E5: 191 | F5: 512 | G5: 753 | H5: 50 | I5: 241 | J5: 32
A6: Mollusca | B6: Animalia | C6: 8 | D6: 0 | E6: 57 | F6: 262 | G6: 327 | H6: 8 | I6: 65 | J6: 19.9
A7: Nematoda | B7: Animalia | C7: 6 | D7: 0 | E7: 58 | F7: 185 | G7: 249 | H7: 6 | I7: 64 | J7: 25.7
A8: Methanobacteriota | B8: Archaea | C8: 0 | D8: 0 | E8: 10 | F8: 8 | G8: 18 | H8: 0 | I8: 10 | J8: 55.6
A9: Thermoproteota | B9: Archaea | C9: 0 | D9: 0 | E9: 2 | F9: 1 | G9: 3 | H9: 0 | I9: 2 | J9: 66.7
A10: Actinomycetota | B10: Bacteria | C10: 11 | D10: 0 | E10: 4 | F10: 31 | G10: 46 | H10: 11 | I10: 15 | J10: 32.6
A11: Bacillota | B11: Bacteria | C11: 35 | D11: 0 | E11: 43 | F11: 168 | G11: 246 | H11: 35 | I11: 78 | J11: 31.7
A12: Pseudomonadota | B12: Bacteria | C12: 35 | D12: 0 | E12: 30 | F12: 100 | G12: 165 | H12: 35 | I12: 65 | J12: 39.4
A13: Ascomycota | B13: Fungi | C13: 172 | D13: 0 | E13: 328 | F13: 437 | G13: 937 | H13: 172 | I13: 500 | J13: 53.4
A14: Basidiomycota | B14: Fungi | C14: 20 | D14: 0 | E14: 62 | F14: 72 | G14: 154 | H14: 20 | I14: 82 | J14: 53.2
A15: Mucoromycota | B15: Fungi | C15: 3 | D15: 0 | E15: 5 | F15: 9 | G15: 17 | H15: 3 | I15: 8 | J15: 47.1
A16: Discosea | B16: Protists | C16: 0 | D16: 0 | E16: 1 | F16: 7 | G16: 8 | H16: 0 | I16: 1 | J16: 12.5
... A20: Streptophyta | B20: Viridiplantae | C20: 165 | D20: 0 | E20: 387 | F20: 905 | G20: 1457 | H20: 165 | I20: 552 | J20: 37.9
A21: TOTAL | C21: =SUM(C5:C20) | D21: =SUM(D5:D20) | E21: =SUM(E5:E20) | F21: =SUM(F5:F20) | G21: =SUM(G5:G20) | H21: =SUM(H5:H20) | I21: =SUM(I5:I20) | J21: =ROUND(100*I21/G21,1)

Sheet S6_Notes
A1: Supplementary Table S6. Literature-reported expected composition ranges by organism group
A3: Coarse expectations used as a plausibility reference for the corrected ClimGrass composition (Fig. 6a). Each range is anchored to the soil-biology literature.
A4: Caveat: these are order-of-magnitude expectations synthesised from the soil-biology literature on relative biomass/abundance; no single study reports a lipid-signal fraction per organism group for an entire soil food web. They serve as a coarse plausibility reference, not a quantitative ground truth.
A6: Supplementary references for Table S6 (not in main reference list):
A7: Bar-On, Y. M., Phillips, R. & Milo, R. (2018). The biomass distribution on Earth. PNAS 115, 6506-6511.
A8: Joergensen, R. G. & Wichern, F. (2008). Quantitative assessment of the fungal contribution to microbial tissue in soil. Soil Biology and Biochemistry 40, 2977-2991.
A9: Strickland, M. S. & Rousk, J. (2010). Considering fungal:bacterial dominance in soils. Soil Biology and Biochemistry 42, 1385-1395.
A10: Bates, S. T. et al. (2011). Examining the global distribution of dominant archaeal populations in soil. ISME Journal 5, 908-917.
A11: Jackson, R. B. et al. (1996). A global analysis of root distributions for terrestrial biomes. Oecologia 108, 389-411.
A12: Frozen 2026-06-09. Transcribed verbatim from soilmasst-v4_7-supplementary.md.
A14: Strict-16 update 2026-08-12: organism-group labels conformed to the locked ecological_group vocabulary in taxonomy_policy.json (release ncbi-phylum-2026-08-04-v1): Plantae -> Viridiplantae, Protozoa -> Protists. Ranges, bases, and references are unchanged from the frozen 2026-06-09 version; these expectations are literature-derived and are not affected by the taxonomy correction.
A16: Lipid-content conversion factors (new in strict-16 v2) — total lipid as % dry mass, ordinary states:
... A36: Strict-16 v2 update 2026-08-21: added lipid-content conversion factors (E3:F9) and lipid references (Notes rows 17-34). Biomass ranges unchanged. All values are total lipid %DM (gravimetric), not total fatty acids or PLFA-only.

Sheet S6_Table
A1: Supplementary Table S6. Literature-reported expected composition ranges by organism group
A3: Organism group | B3: Expected (%) | C3: Basis | D3: Key references | E3: Lipid content (% dry mass) | F3: Lipid content source
A4: Bacteria | B4: 35-50 | C4: Dominant prokaryotic biomass in temperate grassland topsoil | D4: Bar-On et al. 2018; Joergensen 2022; Frostegard et al. 2011; Delgado-Baquerizo et al. 2018 | E4: 7 | F4: Taipale et al. 2015 (7.3±0.8%); Beck et al. 2018
A5: Fungi | B5: 15-30 | C5: Fungal biomass 10-60% of microbial biomass in arable/grassland soils | D5: Joergensen & Wichern 2008; Strickland & Rousk 2010; Frostegard et al. 2011 | E5: 10 | F5: Jones 1969 (10-20%); Weete et al. 1985; Raju et al. 1976
A6: Viridiplantae | B6: 15-30 | C6: Root material + exudates; grasslands have high root:shoot allocation | D6: Jackson et al. 1996; Bardgett & van der Putten 2014 | E6: 2.5 | F6: Poorter & Bergkotte 1992 (roots 1.6-2.6%)
A7: Archaea | B7: 2-8 | C7: Archaea average approximately 2% of soil prokaryotes, mainly ammonia-oxidising Thaumarchaeota | D7: Bates et al. 2011; Leininger et al. 2006 | E7: 6 | F7: Kates et al. 1962 (~2%); Langworthy et al. 1974 (~2.5%); Ferrante et al. 1988 (~10%); midpoint 5-7% assumed
A8: Animalia | B8: 1-5 | C8: Soil meso/microfauna are a small fraction of soil biomass | D8: Bar-On et al. 2018; van den Hoogen et al. 2019 | E8: 18 | F8: Hutzell & Krusberg 1982 (19.6-22.1% nematodes); Convey 1992 (mites 10-15%)*; Dai et al. 2021; Kavle et al. 2023
A9: Protists | B9: <1 | C9: Protists a minor biomass fraction, difficult to resolve biochemically | D9: Geisen et al. 2018; Adl & Coleman 2005 | E9: 10 | F9: Bowers & Korn 1968 (Acanthamoeba ~10%); Finkel et al. 2016 (algae median 17-22%)*
A11: * Lipid content values are total solvent-extractable lipid as % dry mass for ordinary physiological states and are used as conversion factors (biomass = lipid signal / lipid content, renormalised). Mite value (10-15%) is the only direct %DM for mites; collembola/insect values higher. Algal median 17-22% is microalgae-specific; heterotrophic protists use Acanthamoeba 10%. See Notes for full citations.

Sheet S7_Notes
A1: Supplementary Table S7. Empirical lipid-class response factors (RIE) used in the ClimGrass quantification correction
A2: What this table is:
A3: Empirically measured relative ionization efficiencies (RIE), per lipid class and adduct, that the adopted ClimGrass decomposition pipeline uses to correct for differential lipid-class response under electrospray ionization. The correction divides each detected feature's intensity by its class/adduct RIE (expressed relative to LPE), so classes that ionize strongly (high RIE, e.g. PC, SM) are scaled down and classes that ionize weakly (low RIE, e.g. MG, DG, SQDG) are scaled toward a common LPE reference.
A4: Adopted pipeline configuration (Figure 5 v2, positive mode):
A5: IS normalization + RIE correction under Rule A + ArchLips archaeal restriction. Composition is read from a held-out mixture benchmark (marker-panel estimator as the provenance-of-signal readout; fc-weighted BC with rules as the living-community readout). The RIE correction uses the M+H and M+NH4 rows.
A6: How the applied factor is derived (Rule A calibration gate):
A7: 1. Mean RIE relative to LPE is taken across all measured standards within each (lipid class, adduct) group (framework/corrections.py: groupby(class, adduct).mean()).
A8: 2. Rule A calibration gate: a class is used for correction only if its mean RIE falls inside the trusted window [0.20, 100]. In-window classes are corrected by factor = 1 / RIE. Classes whose RIE falls outside the window (below 0.20 or above 100) are treated as UNCALIBRATED and left uncorrected (factor = 1.0).
A9: 3. This replaces the hard floor/ceiling clip used in the originally submitted Fig. 6a pipeline, which set out-of-range RIE to the 0.20 floor (5x amplification) or the 100 ceiling (0.01x suppression). Rule A applies no amplification to out-of-range classes at all.
A10: Why Rule A (Supplementary Method 8, revised):
A11: Even with a 0.20 floor, the lowest-RIE classes were amplified 5x, concentrating leverage in a handful of noise-level features (MG RIE 0.0005, DG 0.03) and previously flipping the published Actinomycetota drought direction. A 5x extrapolation of a standard whose ionization efficiency sits far outside the calibrated range is not trustworthy, so Rule A declines to correct those classes rather than amplifying them. This preserves the published treatment-effect directions while removing the floor-amplification artifact.
A12: Effect on this table: 16 of 57 (class, adduct) groups fall outside the window and are uncalibrated under Rule A (15 below 0.20, previously 5x; and LPC M+H above 100, previously 0.01x). The 41 in-window groups are unchanged (factor = 1 / RIE). The 'Uncapped factor' column shows the naive 1 / RIE that Rule A declines to apply.
... A17: Strict-16 rebuild 2026-08-12: rebuilt to document the Figure 5 v2 correction (Rule A) rather than the submitted hard-floor pipeline. The measured RIE values and log10(RIE) are unchanged and reproduce exactly from the 109-standard source (max |delta| 5e-15); only the out-of-range handling and the derived factor columns changed. RIE is a lipid-class property with no taxonomic content, so this table is otherwise unaffected by the strict-phyla correction.

Sheet S7_RIE_all_adducts
A1: Supplementary Table S7. Empirical response (RIE) factors - RIE all adducts
A2: RIE relative to LPE. Rule A calibration gate (Figure 5 v2): classes with RIE inside the trusted window [0.20, 100] are corrected by 1 / RIE; classes outside the window are treated as uncalibrated and left uncorrected (factor 1.0).
A3: Lipid class | B3: Adduct | C3: Ionization mode | D3: n standards averaged | E3: RIE relative to LPE | F3: log10(RIE) | G3: RIE in calibrated window [0.20, 100]? | H3: Correction status (Rule A) | I3: Applied correction factor | J3: Uncapped factor (1 / RIE)
A4: MG | B4: M+H | C4: Positive | D4: 1 | E4: 0.00048271681 | F4: -3.3163076 | G4: no | H4: uncalibrated | I4: 1 | J4: 2071.608
A5: SQDG | B5: M+H | C5: Positive | D5: 1 | E5: 0.00096542429 | F5: -3.0152818 | G5: no | H5: uncalibrated | I5: 1 | J5: 1035.814
A6: MGDG | B6: M+H | C6: Positive | D6: 1 | E6: 0.0025911255 | F6: -2.5865115 | G6: no | H6: uncalibrated | I6: 1 | J6: 385.93267
A7: TG | B7: M+H | C7: Positive | D7: 1 | E7: 0.0060515053 | F7: -2.2181366 | G7: no | H7: uncalibrated | I7: 1 | J7: 165.24814
A8: DG | B8: M+H | C8: Positive | D8: 2 | E8: 0.032342137 | F8: -1.4902313 | G8: no | H8: uncalibrated | I8: 1 | J8: 30.919417
A9: CE | B9: M+H | C9: Positive | D9: 1 | E9: 0.10554418 | F9: -0.97656569 | G9: no | H9: uncalibrated | I9: 1 | J9: 9.4747049
A10: PG | B10: M+H | C10: Positive | D10: 2 | E10: 0.12861743 | F10: -0.89070018 | G10: no | H10: uncalibrated | I10: 1 | J10: 7.7749962
A11: PI | B11: M+H | C11: Positive | D11: 2 | E11: 0.26375553 | F11: -0.57879842 | G11: yes | H11: calibrated | I11: 3.7913897 | J11: 3.7913897
A12: CERP | B12: M+H | C12: Positive | D12: 1 | E12: 0.44441883 | F12: -0.35220755 | G12: yes | H12: calibrated | I12: 2.2501297 | J12: 2.2501297
A13: LPA | B13: M+H | C13: Positive | D13: 1 | E13: 0.81163491 | F13: -0.090639284 | G13: yes | H13: calibrated | I13: 1.2320811 | J13: 1.2320811
A14: HEXCER | B14: M+H | C14: Positive | D14: 1 | E14: 1.4414195 | F14: 0.1587904 | G14: yes | H14: calibrated | I14: 0.69376055 | J14: 0.69376055
A15: CER | B15: M+H | C15: Positive | D15: 2 | E15: 3.7817541 | F15: 0.57769329 | G15: yes | H15: calibrated | I15: 0.26442756 | J15: 0.26442756
... A60: LPC | B60: M+HCOO | C60: Negative | D60: 4 | E60: 51.35105 | F60: 1.7105493 | G60: yes | H60: calibrated | I60: 0.019473799 | J60: 0.019473799
A62: Uncalibrated = mean RIE outside the trusted window [0.20, 100]; Rule A leaves these classes uncorrected (factor 1.0) rather than extrapolating. Uncapped factor = naive 1 / RIE, shown for reference.

Sheet S7_RIE_positive_mode
A1: Supplementary Table S7. Empirical response (RIE) factors - RIE positive mode
A2: RIE relative to LPE. Rule A calibration gate (Figure 5 v2): classes with RIE inside the trusted window [0.20, 100] are corrected by 1 / RIE; classes outside the window are treated as uncalibrated and left uncorrected (factor 1.0).
A3: Lipid class | B3: Adduct | C3: Ionization mode | D3: n standards averaged | E3: RIE relative to LPE | F3: log10(RIE) | G3: RIE in calibrated window [0.20, 100]? | H3: Correction status (Rule A) | I3: Applied correction factor | J3: Uncapped factor (1 / RIE)
A4: MG | B4: M+H | C4: Positive | D4: 1 | E4: 0.00048271681 | F4: -3.3163076 | G4: no | H4: uncalibrated | I4: 1 | J4: 2071.608
A5: SQDG | B5: M+H | C5: Positive | D5: 1 | E5: 0.00096542429 | F5: -3.0152818 | G5: no | H5: uncalibrated | I5: 1 | J5: 1035.814
A6: MGDG | B6: M+H | C6: Positive | D6: 1 | E6: 0.0025911255 | F6: -2.5865115 | G6: no | H6: uncalibrated | I6: 1 | J6: 385.93267
A7: TG | B7: M+H | C7: Positive | D7: 1 | E7: 0.0060515053 | F7: -2.2181366 | G7: no | H7: uncalibrated | I7: 1 | J7: 165.24814
A8: DG | B8: M+H | C8: Positive | D8: 2 | E8: 0.032342137 | F8: -1.4902313 | G8: no | H8: uncalibrated | I8: 1 | J8: 30.919417
A9: CE | B9: M+H | C9: Positive | D9: 1 | E9: 0.10554418 | F9: -0.97656569 | G9: no | H9: uncalibrated | I9: 1 | J9: 9.4747049
A10: PG | B10: M+H | C10: Positive | D10: 2 | E10: 0.12861743 | F10: -0.89070018 | G10: no | H10: uncalibrated | I10: 1 | J10: 7.7749962
A11: PI | B11: M+H | C11: Positive | D11: 2 | E11: 0.26375553 | F11: -0.57879842 | G11: yes | H11: calibrated | I11: 3.7913897 | J11: 3.7913897
A12: CERP | B12: M+H | C12: Positive | D12: 1 | E12: 0.44441883 | F12: -0.35220755 | G12: yes | H12: calibrated | I12: 2.2501297 | J12: 2.2501297
A13: LPA | B13: M+H | C13: Positive | D13: 1 | E13: 0.81163491 | F13: -0.090639284 | G13: yes | H13: calibrated | I13: 1.2320811 | J13: 1.2320811
A14: HEXCER | B14: M+H | C14: Positive | D14: 1 | E14: 1.4414195 | F14: 0.1587904 | G14: yes | H14: calibrated | I14: 0.69376055 | J14: 0.69376055
A15: CER | B15: M+H | C15: Positive | D15: 2 | E15: 3.7817541 | F15: 0.57769329 | G15: yes | H15: calibrated | I15: 0.26442756 | J15: 0.26442756
... A37: PA | B37: M+NH4 | C37: Positive | D37: 1 | E37: 47.315482 | F37: 1.6750033 | G37: yes | H37: calibrated | I37: 0.021134732 | J37: 0.021134732
A39: Uncalibrated = mean RIE outside the trusted window [0.20, 100]; Rule A leaves these classes uncorrected (factor 1.0) rather than extrapolating. Uncapped factor = naive 1 / RIE, shown for reference.

Sheet S8_Notes
A1: Supplementary Table S8. ClimGrass per-treatment composition (strict phyla, Figure 5 v2)
A2: Lipid-derived composition for the four ClimGrass treatments (ambient control, ambient + drought, future climate, future + drought; n = 3 each), from the Figure 5 v2 decomposition on the 16 strict analysis phyla.
A3: Primary composition = fold-change-weighted Bray-Curtis with hygiene rules (Rule A calibration gate, enriched-weight split, sqrt), the living-community estimate shown as the figure's bars. Marker-panel composition (the provenance-of-signal estimate, shown as the figure's diamonds) is given per sample in sheet S8e.
A4: Sheets: 'Kingdom_by_treatment' (S8a) and 'Phylum_by_treatment' (S8b) give per-treatment mean % and SD (n=3). 'Treatment_effects' (S8c) gives drought and climate contrasts from CLR-centred fingerprint-set permutation tests (400 stratified relabelings) with BH q, plus the pre-specified qSIP replication family. 'Per_sample_fcweighted' (S8d) and 'Per_sample_markerpanel' (S8e) give the 12 individual soil samples.
A5: Treatment contrasts are exploratory (n = 3 per treatment; n = 6 per side). Composition values are fractions of total decomposed signal; by-treatment sheets express them as percentages. Kingdom labels follow the locked ecological_group vocabulary (Viridiplantae, Protists).
A6: Headline drought result (qSIP replication): Pseudomonadota decreases under drought, observed log2FC -0.60, one-sided permutation p = 0.0025, BH q = 0.005 (family of 2). This is a pre-specified directional replication of Metze et al. 2023 qSIP predictions.
A7: Source: outputs/analysis/ncbi-phylum-2026-08-04-v1/climgrass/figure5_redesign_2026-08-08_v2_archlips/ (composition_fcweighted_by_sample.csv, composition_winner_by_sample.csv, r_render/data/kingdom_composition.csv, fingerprint_set_effects.csv, qsip_replication_test.csv). Producer: paper2_repro/scripts/build_table_s8_strict16.py.

Sheet S8_Kingdom_by_treatment
A1: Supplementary Table S8a. Kingdom composition by treatment (mean % +/- SD, n=3)
A2: Group | B2: Ambient_Control mean % | C2: Ambient_Control SD | D2: Ambient_Drought mean % | E2: Ambient_Drought SD | F2: Future_Control mean % | G2: Future_Control SD | H2: Future_Drought mean % | I2: Future_Drought SD | J2: Overall mean %
A3: Bacteria | B3: 37.74 | C3: 2.33 | D3: 38.64 | E3: 1.12 | F3: 38.22 | G3: 2.06 | H3: 38.29 | I3: 2.8 | J3: 38.22
A4: Archaea | B4: 6.22 | C4: 1.69 | D4: 4.42 | E4: 4.64 | F4: 5.29 | G4: 2.39 | H4: 6.22 | I4: 2.11 | J4: 5.54
A5: Fungi | B5: 28.95 | C5: 3.14 | D5: 25.58 | E5: 1.79 | F5: 28.09 | G5: 3.54 | H5: 28.69 | I5: 1.64 | J5: 27.83
A6: Viridiplantae | B6: 9.26 | C6: 1.72 | D6: 10.2 | E6: 1.32 | F6: 9.31 | G6: 2.2 | H6: 9.63 | I6: 1.51 | J6: 9.6
A7: Animalia | B7: 13.9 | C7: 0.25 | D7: 16.63 | E7: 2.58 | F7: 14.94 | G7: 1.38 | H7: 13.4 | I7: 0.75 | J7: 14.71
A8: Protists | B8: 3.94 | C8: 0.09 | D8: 4.54 | E8: 0.89 | F8: 4.16 | G8: 0.3 | H8: 3.78 | I8: 0.14 | J8: 4.11

Sheet S8_Phylum_by_treatment
A1: Supplementary Table S8b. Phylum composition by treatment (mean % +/- SD, n=3)
A2: Group | B2: Ambient_Control mean % | C2: Ambient_Control SD | D2: Ambient_Drought mean % | E2: Ambient_Drought SD | F2: Future_Control mean % | G2: Future_Control SD | H2: Future_Drought mean % | I2: Future_Drought SD | J2: Overall mean %
A3: Actinomycetota | B3: 18.82 | C3: 0.48 | D3: 19.9 | E3: 3.27 | F3: 19.1 | G3: 1.25 | H3: 22.9 | I3: 4.67 | J3: 20.18
A4: Bacillota | B4: 5.17 | C4: 0.11 | D4: 7.36 | E4: 1.26 | F4: 6.14 | G4: 0.45 | H4: 5.45 | I4: 0.71 | J4: 6.03
A5: Pseudomonadota | B5: 13.75 | C5: 1.94 | D5: 11.38 | E5: 1.23 | F5: 12.98 | G5: 2.11 | H5: 9.94 | I5: 2.2 | J5: 12.01
A6: Methanobacteriota | B6: 5.23 | C6: 1.62 | D6: 3.82 | E6: 3.86 | F6: 4.6 | G6: 2.04 | H6: 4.71 | I6: 1.83 | J6: 4.59
A7: Thermoproteota | B7: 0.99 | C7: 0.21 | D7: 0.6 | E7: 0.78 | F7: 0.68 | G7: 0.38 | H7: 1.51 | I7: 0.9 | J7: 0.95
A8: Ascomycota | B8: 6.45 | C8: 0.78 | D8: 8.58 | E8: 2.66 | F8: 8.1 | G8: 3 | H8: 7.66 | I8: 0.87 | J8: 7.7
A9: Basidiomycota | B9: 14.65 | C9: 3.35 | D9: 10.78 | E9: 2.04 | F9: 13.36 | G9: 1.74 | H9: 13.83 | I9: 0.84 | J9: 13.15
A10: Mucoromycota | B10: 7.84 | C10: 1.61 | D10: 6.22 | E10: 0.28 | F10: 6.63 | G10: 0.67 | H10: 7.21 | I10: 0.46 | J10: 6.98
A11: Chlorophyta | B11: 0.99 | C11: 0.08 | D11: 1.15 | E11: 0.2 | F11: 1.1 | G11: 0.11 | H11: 0.95 | I11: 0.08 | J11: 1.05
A12: Streptophyta | B12: 8.27 | C12: 1.76 | D12: 9.04 | E12: 1.13 | F12: 8.21 | G12: 2.09 | H12: 8.68 | I12: 1.46 | J12: 8.55
A13: Arthropoda | B13: 4.13 | C13: 0.18 | D13: 5.41 | E13: 1.18 | F13: 4.89 | G13: 0.1 | H13: 5.59 | I13: 1.03 | J13: 5.01
A14: Mollusca | B14: 9.35 | C14: 0.34 | D14: 10.39 | E14: 1.6 | F14: 9.57 | G14: 1.4 | H14: 7.2 | I14: 0.26 | J14: 9.13
... A18: Heterolobosea | B18: 1.59 | C18: 0.08 | D18: 2.17 | E18: 0.31 | F18: 1.58 | G18: 0.08 | H18: 1.75 | I18: 0.07 | J18: 1.77

Sheet S8_Treatment_effects
A1: Supplementary Table S8c. Treatment effects - CLR fingerprint-set permutation tests
A2: Per-phylum fingerprint-set effects for the drought and climate contrasts (400 stratified CLR relabelings). log2FC = set-mean log2 fold change; p_perm two-sided; p_one_sided in the observed direction; q = Benjamini-Hochberg within factor.
A3: Factor | B3: Phylum | C3: Kingdom | D3: n set features | E3: set-mean log2FC | F3: direction | G3: p_perm (2-sided) | H3: p one-sided | I3: q (BH)
A4: climate | B4: Actinomycetota | C4: Bacteria | D4: 45 | E4: -0.277 | F4: down | G4: 0.365 | H4: 0.1825 | I4: 0.9257
A5: climate | B5: Arthropoda | C5: Animalia | D5: 90 | E5: -0.017 | F5: down | G5: 0.805 | H5: 0.4025 | I5: 0.9257
A6: climate | B6: Ascomycota | C6: Fungi | D6: 64 | E6: 0.155 | F6: up | G6: 0.305 | H6: 0.1525 | I6: 0.9257
A7: climate | B7: Bacillota | C7: Bacteria | D7: 29 | E7: -0.072 | F7: down | G7: 0.485 | H7: 0.2425 | I7: 0.9257
A8: climate | B8: Basidiomycota | C8: Fungi | D8: 126 | E8: 0.066 | F8: up | G8: 0.605 | H8: 0.3025 | I8: 0.9257
A9: climate | B9: Chlorophyta | C9: Viridiplantae | D9: 115 | E9: -0.084 | F9: down | G9: 0.475 | H9: 0.2375 | I9: 0.9257
A10: climate | B10: Discosea | C10: Protists | D10: 52 | E10: 0.035 | F10: up | G10: 0.9 | H10: 0.5525 | I10: 0.935
A11: climate | B11: Evosea | C11: Protists | D11: 54 | E11: -0.009 | F11: down | G11: 0.695 | H11: 0.3475 | I11: 0.9257
A12: climate | B12: Heterolobosea | C12: Protists | D12: 86 | E12: -0.144 | F12: down | G12: 0.55 | H12: 0.275 | I12: 0.9257
A13: climate | B13: Methanobacteriota | C13: Archaea | D13: 22 | E13: 0.049 | F13: up | G13: 0.935 | H13: 0.4675 | I13: 0.935
A14: climate | B14: Mollusca | C14: Animalia | D14: 46 | E14: -0.08 | F14: down | G14: 0.81 | H14: 0.405 | I14: 0.9257
A15: climate | B15: Mucoromycota | C15: Fungi | D15: 59 | E15: 0.046 | F15: up | G15: 0.575 | H15: 0.2875 | I15: 0.9257
... A35: drought | B35: Thermoproteota | C35: Archaea | D35: 27 | E35: -0.065 | F35: down | G35: 0.87 | H35: 0.5675 | I35: 0.97
A37: qSIP replication family (pre-specified directional test, Metze et al. 2023)
A38: Phylum | B38: predicted direction | C38: observed log2FC | D38: p one-sided | E38: q (BH, family=2)
A39: Pseudomonadota | B39: decrease | C39: -0.595 | D39: 0.0025 | E39: 0.005
A40: Actinomycetota | B40: increase | C40: 0.383 | D40: 0.2025 | E40: 0.2025

Sheet S8_Per_sample_fcweighted
A1: Supplementary Table S8d. Per-sample composition - fc-weighted (primary), fractions 0-1
A2: column_name | B2: treatment | C2: climate | D2: drought | E2: Bacteria | F2: Archaea | G2: Fungi | H2: Viridiplantae | I2: Animalia | J2: Protists | K2: Actinomycetota | L2: Bacillota | M2: Pseudomonadota | N2: Methanobacteriota | O2: Thermoproteota | P2: Ascomycota | Q2: Basidiomycota | R2: Mucoromycota | S2: Chlorophyta | T2: Streptophyta | U2: Arthropoda | V2: Mollusca | W2: Nematoda | X2: Discosea | Y2: Evosea | Z2: Heterolobosea | AA2: Sum check
A3: OE12-3-49POS.raw Peak area | B3: Ambient_Drought | C3: Ambient | D3: Drought | E3: 0.39513746 | F3: 0.016594615 | G3: 0.27619586 | H3: 0.10934164 | I3: 0.15698847 | J3: 0.04574195 | K3: 0.20772223 | L3: 0.069051823 | M3: 0.11836341 | N3: 0.014928235 | O3: 0.0016663807 | P3: 0.098695456 | Q3: 0.11700432 | R3: 0.060496085 | S3: 0.01203179 | T3: 0.097309855 | U3: 0.054752393 | V3: 0.090232484 | W3: 0.012003595 | X3: 0.0073986299 | Y3: 0.015400152 | Z3: 0.022943168 | AA3: =SUM(K3:Z3)
A4: OE12-3-19POS.raw Peak area | B4: Ambient_Control | C4: Ambient | D4: No_drought | E4: 0.40242754 | F4: 0.043759951 | G4: 0.28805688 | H4: 0.090041286 | I4: 0.13644634 | J4: 0.039268007 | K4: 0.19302811 | L4: 0.05102675 | M4: 0.15837268 | N4: 0.035437218 | O4: 0.0083227327 | P4: 0.060339125 | Q4: 0.13238797 | R4: 0.095329786 | S4: 0.010733855 | T4: 0.079307431 | U4: 0.042123107 | V4: 0.08958271 | W4: 0.0047405215 | X4: 0.01078567 | Y4: 0.012381899 | Z4: 0.016100438 | AA4: =SUM(K4:Z4)
A5: OE12-3-22POS.raw Peak area | B5: Ambient_Control | C5: Ambient | D5: No_drought | E5: 0.37324703 | F5: 0.076954275 | G5: 0.25876956 | H5: 0.11091948 | I5: 0.14148157 | J5: 0.038628088 | K5: 0.18812804 | L5: 0.051071289 | M5: 0.1340477 | N5: 0.067772193 | O5: 0.0091820819 | P5: 0.059651657 | Q5: 0.12237569 | R5: 0.076742207 | S5: 0.0092591588 | T5: 0.10166032 | U5: 0.042560127 | V5: 0.095500217 | W5: 0.003421227 | X5: 0.0091348872 | Y5: 0.012841112 | Z5: 0.016652089 | AA5: =SUM(K5:Z5)
A6: OE12-3-43POS.raw Peak area | B6: Future_Drought | C6: Future | D6: Drought | E6: 0.37907338 | F6: 0.07316774 | G6: 0.27020134 | H6: 0.11337608 | I6: 0.1259111 | J6: 0.038270355 | K6: 0.20297728 | L6: 0.052429684 | M6: 0.12366641 | N6: 0.047763556 | O6: 0.025404184 | P6: 0.07432037 | Q6: 0.12863056 | R6: 0.067250414 | S6: 0.0098933288 | T6: 0.10348275 | U6: 0.044357551 | V6: 0.07487892 | W6: 0.0066746326 | X6: 0.0086904728 | Y6: 0.011495999 | Z6: 0.018083883 | AA6: =SUM(K6:Z6)
A7: OE12-3-48POS.raw Peak area | B7: Future_Drought | C7: Future | D7: Drought | E7: 0.35694878 | F7: 0.075552442 | G7: 0.30294539 | H7: 0.084931192 | I7: 0.14068992 | J7: 0.038932282 | K7: 0.2011069 | L7: 0.062398398 | M7: 0.093443481 | N7: 0.06513614 | O7: 0.010416302 | P7: 0.086218242 | Q7: 0.14415095 | R7: 0.072576199 | S7: 0.0085459678 | T7: 0.076385224 | U7: 0.06387112 | V7: 0.071230938 | W7: 0.0055878597 | X7: 0.011403705 | Y7: 0.0098722329 | Z7: 0.017656344 | AA7: =SUM(K7:Z7)
A8: OE12-3-44POS.raw Peak area | B8: Ambient_Drought | C8: Ambient | D8: Drought | E8: 0.39041093 | F8: 0.097704042 | G8: 0.24249318 | H8: 0.086691962 | I8: 0.14646024 | J8: 0.03623965 | K8: 0.22642158 | L8: 0.064036686 | M8: 0.099952672 | N8: 0.082690515 | O8: 0.015013527 | P8: 0.055244865 | Q8: 0.12185555 | R8: 0.065392766 | S8: 0.0093586896 | T8: 0.077333272 | U8: 0.042039377 | V8: 0.10003073 | W8: 0.004390127 | X8: 0.0090047264 | Y8: 0.0091223694 | Z8: 0.018112555 | AA8: =SUM(K8:Z8)
A9: OE12-3-40POS.raw Peak area | B9: Future_Control | C9: Future | D9: No_drought | E9: 0.38497713 | F9: 0.078168781 | G9: 0.26973991 | H9: 0.071992163 | I9: 0.15370633 | J9: 0.04141568 | K9: 0.17720296 | L9: 0.058681726 | M9: 0.14909244 | N9: 0.066987202 | O9: 0.011181579 | P9: 0.052548876 | Q9: 0.14983074 | R9: 0.067360296 | S9: 0.0097605949 | T9: 0.062231568 | U9: 0.049647 | V9: 0.099665326 | W9: 0.004394004 | X9: 0.011363122 | Y9: 0.01453366 | Z9: 0.015518898 | AA9: =SUM(K9:Z9)
A10: OE12-3-27POS.raw Peak area | B10: Future_Drought | C10: Future | D10: Drought | E10: 0.41258658 | F10: 0.037856574 | G10: 0.28753594 | H10: 0.090491898 | I10: 0.13535907 | J10: 0.036169943 | K10: 0.28285207 | L10: 0.048771529 | M10: 0.080962981 | N10: 0.028488251 | O10: 0.0093683235 | P10: 0.069181609 | Q10: 0.1419858 | R10: 0.076368534 | S10: 0.00992167 | T10: 0.080570228 | U10: 0.059592584 | V10: 0.069767411 | W10: 0.005999074 | X10: 0.0086144375 | Y10: 0.010761754 | Z10: 0.016793751 | AA10: =SUM(K10:Z10)
A11: OE12-3-28POS.raw Peak area | B11: Ambient_Drought | C11: Ambient | D11: Drought | E11: 0.37375293 | F11: 0.018188039 | G11: 0.24874357 | H11: 0.10982558 | I11: 0.19539288 | J11: 0.054096998 | K11: 0.16273012 | L11: 0.087861075 | M11: 0.12316173 | N11: 0.016925204 | O11: 0.001262835 | P11: 0.10357099 | Q11: 0.084425697 | R11: 0.060746884 | S11: 0.013232165 | T11: 0.096593418 | U11: 0.065597471 | V11: 0.12150771 | W11: 0.0082877001 | X11: 0.012622991 | Y11: 0.017497689 | Z11: 0.023976318 | AA11: =SUM(K11:Z11)
A12: OE12-3-35POS.raw Peak area | B12: Future_Control | C12: Future | D12: No_drought | E12: 0.4012533 | F12: 0.049951553 | G12: 0.25233584 | H12: 0.091278619 | I12: 0.16042585 | J12: 0.044754833 | K12: 0.20152896 | L12: 0.066517611 | M12: 0.13320673 | N12: 0.044960595 | O12: 0.0049909581 | P12: 0.077981505 | Q12: 0.11520604 | R12: 0.0591483 | S12: 0.011225999 | T12: 0.08005262 | U12: 0.049329671 | V12: 0.10724004 | W12: 0.0038561388 | X12: 0.013582342 | Y12: 0.014480948 | Z12: 0.016691543 | AA12: =SUM(K12:Z12)
A13: OE12-3-36POS.raw Peak area | B13: Ambient_Control | C13: Ambient | D13: No_drought | E13: 0.35645251 | F13: 0.065910454 | G13: 0.32154689 | H13: 0.076716891 | I13: 0.1389507 | J13: 0.04042255 | K13: 0.18336645 | L13: 0.053005731 | M13: 0.12008033 | N13: 0.053618877 | O13: 0.012291577 | P13: 0.073484496 | Q13: 0.18483154 | R13: 0.063230853 | S13: 0.0096759593 | T13: 0.067040932 | U13: 0.039296219 | V13: 0.095370081 | W13: 0.0042844045 | X13: 0.012316755 | Y13: 0.013110944 | Z13: 0.014994851 | AA13: =SUM(K13:Z13)
A14: OE12-3-52POS.raw Peak area | B14: Future_Control | C14: Future | D14: No_drought | E14: 0.36032067 | F14: 0.030542663 | G14: 0.32054898 | H14: 0.11589344 | I14: 0.13392817 | J14: 0.03876608 | K14: 0.19422281 | L14: 0.058858175 | M14: 0.10723968 | N14: 0.02618073 | O14: 0.0043619331 | P14: 0.11234327 | Q14: 0.13569078 | R14: 0.072514931 | S14: 0.011917436 | T14: 0.103976 | U14: 0.047734034 | V14: 0.080065491 | W14: 0.0061286494 | X14: 0.012461501 | Y14: 0.011099914 | Z14: 0.015204666 | AA14: =SUM(K14:Z14)

Sheet S8_Per_sample_markerpanel
A1: Supplementary Table S8e. Per-sample composition - marker-panel (provenance overlay), fractions 0-1
A2: column_name | B2: treatment | C2: climate | D2: drought | E2: Bacteria | F2: Archaea | G2: Fungi | H2: Viridiplantae | I2: Animalia | J2: Protists | K2: Actinomycetota | L2: Bacillota | M2: Pseudomonadota | N2: Methanobacteriota | O2: Thermoproteota | P2: Ascomycota | Q2: Basidiomycota | R2: Mucoromycota | S2: Chlorophyta | T2: Streptophyta | U2: Arthropoda | V2: Mollusca | W2: Nematoda | X2: Discosea | Y2: Evosea | Z2: Heterolobosea | AA2: Sum check
A3: OE12-3-49POS.raw Peak area | B3: Ambient_Drought | C3: Ambient | D3: Drought | E3: 0.1802143 | F3: 0.0027085866 | G3: 0.27352182 | H3: 0.27899919 | I3: 0.1488123 | J3: 0.1157438 | K3: 0.11319994 | L3: 0.041020442 | M3: 0.025993916 | N3: 0.0025540788 | O3: 0.00015450777 | P3: 0.036157646 | Q3: 0.19064852 | R3: 0.046715649 | S3: 0.056490927 | T3: 0.22250826 | U3: 0.041943891 | V3: 0.058244274 | W3: 0.04862414 | X3: 0.014572427 | Y3: 0.036267418 | Z3: 0.064903959 | AA3: =SUM(K3:Z3)
A4: OE12-3-19POS.raw Peak area | B4: Ambient_Control | C4: Ambient | D4: No_drought | E4: 0.18713159 | F4: 0.0017519696 | G4: 0.27293898 | H4: 0.27835454 | I4: 0.14339403 | J4: 0.1164289 | K4: 0.11228072 | L4: 0.031412819 | M4: 0.043438044 | N4: 0.0015147037 | O4: 0.00023726595 | P4: 0.028887333 | Q4: 0.17565314 | R4: 0.06839851 | S4: 0.054443176 | T4: 0.22391136 | U4: 0.035698079 | V4: 0.07909162 | W4: 0.02860433 | X4: 0.028709807 | Y4: 0.03625657 | Z4: 0.051462519 | AA4: =SUM(K4:Z4)
A5: OE12-3-22POS.raw Peak area | B5: Ambient_Control | C5: Ambient | D5: No_drought | E5: 0.17868045 | F5: 0.0029322453 | G5: 0.24222527 | H5: 0.3276752 | I5: 0.12821989 | J5: 0.12026695 | K5: 0.11220617 | L5: 0.029234428 | M5: 0.037239858 | N5: 0.0026383471 | O5: 0.00029389817 | P5: 0.026710935 | Q5: 0.16162896 | R5: 0.053885375 | S5: 0.05589787 | T5: 0.27177733 | U5: 0.041032267 | V5: 0.069642369 | W5: 0.017545254 | X5: 0.032434468 | Y5: 0.035575003 | Z5: 0.052257476 | AA5: =SUM(K5:Z5)
A6: OE12-3-43POS.raw Peak area | B6: Future_Drought | C6: Future | D6: Drought | E6: 0.17390249 | F6: 0.0035210642 | G6: 0.263213 | H6: 0.31974448 | I6: 0.1349017 | J6: 0.10471728 | K6: 0.11163301 | L6: 0.02878153 | M6: 0.033487956 | N6: 0.0021861523 | O6: 0.0013349119 | P6: 0.034238903 | Q6: 0.18021841 | R6: 0.048755687 | S6: 0.053427216 | T6: 0.26631726 | U6: 0.045560305 | V6: 0.057480977 | W6: 0.031860414 | X6: 0.013972105 | Y6: 0.033210741 | Z6: 0.057534433 | AA6: =SUM(K6:Z6)
A7: OE12-3-48POS.raw Peak area | B7: Future_Drought | C7: Future | D7: Drought | E7: 0.18577252 | F7: 0.0029581044 | G7: 0.30267743 | H7: 0.2725921 | I7: 0.13104102 | J7: 0.10495882 | K7: 0.11765557 | L7: 0.043061335 | M7: 0.025055621 | N7: 0.0025547736 | O7: 0.00040333084 | P7: 0.03999336 | Q7: 0.20398293 | R7: 0.058701138 | S7: 0.057256074 | T7: 0.21533603 | U7: 0.046918533 | V7: 0.056696887 | W7: 0.027425602 | X7: 0.017866738 | Y7: 0.03031831 | Z7: 0.056773769 | AA7: =SUM(K7:Z7)
A8: OE12-3-44POS.raw Peak area | B8: Ambient_Drought | C8: Ambient | D8: Drought | E8: 0.20252855 | F8: 0.0042325992 | G8: 0.24468298 | H8: 0.29715654 | I8: 0.14843239 | J8: 0.10296694 | K8: 0.13201862 | L8: 0.042297497 | M8: 0.028212435 | N8: 0.0037840303 | O8: 0.00044856888 | P8: 0.028794006 | Q8: 0.16153619 | R8: 0.054352784 | S8: 0.057564718 | T8: 0.23959182 | U8: 0.03492284 | V8: 0.083302782 | W8: 0.030206766 | X8: 0.022257762 | Y8: 0.027691024 | Z8: 0.053018157 | AA8: =SUM(K8:Z8)
A9: OE12-3-40POS.raw Peak area | B9: Future_Control | C9: Future | D9: No_drought | E9: 0.18697779 | F9: 0.003538804 | G9: 0.27586938 | H9: 0.25978944 | I9: 0.15070693 | J9: 0.12311766 | K9: 0.10885457 | L9: 0.035049089 | M9: 0.043074132 | N9: 0.003278851 | O9: 0.00025995296 | P9: 0.027425125 | Q9: 0.19341062 | R9: 0.05503363 | S9: 0.05897082 | T9: 0.20081862 | U9: 0.03450744 | V9: 0.080798778 | W9: 0.035400709 | X9: 0.041009053 | Y9: 0.039740591 | Z9: 0.042368013 | AA9: =SUM(K9:Z9)
A10: OE12-3-27POS.raw Peak area | B10: Future_Drought | C10: Future | D10: Drought | E10: 0.20030571 | F10: 0.0020852385 | G10: 0.27508761 | H10: 0.27718386 | I10: 0.14512976 | J10: 0.10020781 | K10: 0.14889256 | L10: 0.029237869 | M10: 0.022175282 | N10: 0.0017174575 | O10: 0.00036778101 | P10: 0.039693942 | Q10: 0.18192679 | R10: 0.053466883 | S10: 0.061336352 | T10: 0.21584751 | U10: 0.047196107 | V10: 0.049887022 | W10: 0.048046632 | X10: 0.022808459 | Y10: 0.027451976 | Z10: 0.049947375 | AA10: =SUM(K10:Z10)
A11: OE12-3-28POS.raw Peak area | B11: Ambient_Drought | C11: Ambient | D11: Drought | E11: 0.19945425 | F11: 0.0021313365 | G11: 0.23372304 | H11: 0.27217824 | I11: 0.17759604 | J11: 0.1149171 | K11: 0.11517709 | L11: 0.049935829 | M11: 0.034341328 | N11: 0.0019617094 | O11: 0.00016962705 | P11: 0.046433755 | Q11: 0.14127734 | R11: 0.046011949 | S11: 0.076075865 | T11: 0.19610237 | U11: 0.050660993 | V11: 0.078573691 | W11: 0.048361352 | X11: 0.017376531 | Y11: 0.044068168 | Z11: 0.053472398 | AA11: =SUM(K11:Z11)
A12: OE12-3-35POS.raw Peak area | B12: Future_Control | C12: Future | D12: No_drought | E12: 0.2165288 | F12: 0.0036313229 | G12: 0.25239593 | H12: 0.28300439 | I12: 0.14041376 | J12: 0.1040258 | K12: 0.13588306 | L12: 0.040952672 | M12: 0.039693066 | N12: 0.0032527875 | O12: 0.00037853534 | P12: 0.040093266 | Q12: 0.16193624 | R12: 0.050366422 | S12: 0.055107059 | T12: 0.22789733 | U12: 0.035953354 | V12: 0.079904855 | W12: 0.024555555 | X12: 0.022323338 | Y12: 0.037350356 | Z12: 0.044352106 | AA12: =SUM(K12:Z12)
A13: OE12-3-36POS.raw Peak area | B13: Ambient_Control | C13: Ambient | D13: No_drought | E13: 0.16746845 | F13: 0.0037117737 | G13: 0.32994874 | H13: 0.24495281 | I13: 0.14188477 | J13: 0.11203344 | K13: 0.10607045 | L13: 0.030389045 | M13: 0.03100896 | N13: 0.0033086367 | O13: 0.00040313699 | P13: 0.041628438 | Q13: 0.2324533 | R13: 0.055867003 | S13: 0.059250127 | T13: 0.18570269 | U13: 0.026923478 | V13: 0.079014139 | W13: 0.035947158 | X13: 0.036116771 | Y13: 0.033653735 | Z13: 0.042262936 | AA13: =SUM(K13:Z13)
A14: OE12-3-52POS.raw Peak area | B14: Future_Control | C14: Future | D14: No_drought | E14: 0.16074523 | F14: 0.0022422796 | G14: 0.30679224 | H14: 0.32453591 | I14: 0.11599889 | J14: 0.089685452 | K14: 0.10370886 | L14: 0.031463746 | M14: 0.025572621 | N14: 0.0019722083 | O14: 0.00027007132 | P14: 0.061739181 | Q14: 0.19455211 | R14: 0.050500958 | S14: 0.072377305 | T14: 0.2521586 | U14: 0.034229999 | V14: 0.05188959 | W14: 0.029879303 | X14: 0.022126691 | Y14: 0.028803223 | Z14: 0.038755537 | AA14: =SUM(K14:Z14)

Sheet S9_Notes
A1: Supplementary Table S9. Computational annotation coverage by strict phylum (SIRIUS / CANOPUS / CSI:FingerID / MSNovelist)
A2: Per-phylum coverage of the computational annotation pipeline over the strict biomarker set (11371 positive-mode and 5697 negative-mode biomarkers, 16 phyla each). SIRIUS predicts a molecular formula; CANOPUS assigns an NPClassifier / ClassyFire compound class; CSI:FingerID proposes a database structure; MSNovelist proposes a de novo structure; DreaMS provides spectral-neighbour evidence.
A3: Denominator is all strict biomarkers in each phylum. Rates are live percentage formulas (n / n biomarkers). 'Usable MS2' is the fraction with a usable MS2 spectrum; SIRIUS additionally requires precursor m/z <= 850 Da.
A4: Coverage note: the SIRIUS/CANOPUS annotation is now COMPLETE for the SIRIUS-eligible strict biomarkers. An earlier submission gap - only ~52% of positive-mode and ~69% of negative-mode biomarkers had been submitted to SIRIUS, leaving Bacteria and Fungi near 3% and 10% - was closed by a dedicated gap-fill run of the 2,209 positive-mode and 80 negative-mode eligible-unsubmitted features (usable MS2 and m/z <= 850; LISC jobs 5862224 for formula/CANOPUS/de-novo and 5869613 for CSI:FingerID structures over a BIO+PubChem database union, 2026-08-13). Positive-mode SIRIUS-formula coverage consequently rose from 5,865 to 8,004 and CANOPUS from 5,325 to 7,336. Remaining non-coverage reflects genuine ineligibility (no usable MS2, or precursor m/z > 850 Da, which is SIRIUS's hard limit), not a submission shortfall; the per-phylum rates below are complete.
A5: Sheets: 'Coverage_overall' (pipeline-step totals for both modes); 'Coverage_by_phylum_POS' / '_NEG' (per-phylum counts and rates); 'NPC_pathway_by_phylum_POS' / '_NEG' (NPClassifier pathway x phylum matrix over CANOPUS-classified features).
A6: Kingdom labels follow the locked ecological_group vocabulary (Viridiplantae, Protists). Values are drawn from the integrated strict annotation evidence, so this table is consistent with Figure 2, Table S5 and Supplementary Figure 7 by construction.
A7: Overall positive mode: SIRIUS formula 8004 (70.4%), CANOPUS 7336 (64.5%). Overall negative mode: SIRIUS 3914 (68.7%), CANOPUS 3531 (62.0%).
A8: Source: annotation/annotation_evidence_{pos,neg}.csv, integrating LISC SIRIUS/CANOPUS jobs 5800445 (POS) and 5802297 (NEG) plus the 2026-08-13 gap-fill jobs 5862224 (formula/CANOPUS/de-novo) and 5869613 (CSI:FingerID structures) with the historical full-atlas SIRIUS cache via build_strict_annotation_evidence.py. Producer: paper2_repro/scripts/build_table_s9_strict16.py.

Sheet S9_Coverage_overall
A1: Supplementary Table S9a. Annotation coverage overall (positive and negative mode)
A2: Pipeline step | B2: POS features | C2: POS rate | D2: NEG features | E2: NEG rate
A3: Strict biomarkers (input) | B3: 11371 | D3: 5697
A4: Usable MS2 | B4: 10871 | C4: =B4/$B$3 | D4: 5695 | E4: =D4/$D$3
A5: SIRIUS molecular formula | B5: 8004 | C5: =B5/$B$3 | D5: 3914 | E5: =D5/$D$3
A6: CANOPUS compound class | B6: 7336 | C6: =B6/$B$3 | D6: 3531 | E6: =D6/$D$3
A7: CSI:FingerID structure | B7: 7199 | C7: =B7/$B$3 | D7: 3352 | E7: =D7/$D$3
A8: MSNovelist de novo structure | B8: 7096 | C8: =B8/$B$3 | D8: 3377 | E8: =D8/$D$3
A9: DreaMS spectral neighbour | B9: 7095 | C9: =B9/$B$3 | D9: 5695 | E9: =D9/$D$3

Sheet S9_Coverage_by_phylum_POS
A1: Supplementary Table S9b. Positive-mode annotation coverage by strict phylum
A2: Phylum | B2: Kingdom | C2: n biomarkers | D2: Usable MS2 (n) | E2: Usable MS2 % | F2: SIRIUS molecular formula (n) | G2: SIRIUS molecular formula % | H2: CANOPUS compound class (n) | I2: CANOPUS compound class % | J2: CSI:FingerID structure (n) | K2: CSI:FingerID structure % | L2: MSNovelist de novo structure (n) | M2: MSNovelist de novo structure % | N2: DreaMS spectral neighbour (n) | O2: DreaMS spectral neighbour %
A3: Actinomycetota | B3: Bacteria | C3: 274 | D3: 270 | E3: =D3/C3 | F3: 227 | G3: =F3/C3 | H3: 204 | I3: =H3/C3 | J3: 200 | K3: =J3/C3 | L3: 200 | M3: =L3/C3 | N3: 6 | O3: =N3/C3
A4: Bacillota | B4: Bacteria | C4: 1021 | D4: 990 | E4: =D4/C4 | F4: 838 | G4: =F4/C4 | H4: 785 | I4: =H4/C4 | J4: 777 | K4: =J4/C4 | L4: 767 | M4: =L4/C4 | N4: 104 | O4: =N4/C4
A5: Pseudomonadota | B5: Bacteria | C5: 413 | D5: 396 | E5: =D5/C5 | F5: 353 | G5: =F5/C5 | H5: 333 | I5: =H5/C5 | J5: 328 | K5: =J5/C5 | L5: 323 | M5: =L5/C5 | N5: 6 | O5: =N5/C5
A6: Methanobacteriota | B6: Archaea | C6: 1017 | D6: 1012 | E6: =D6/C6 | F6: 634 | G6: =F6/C6 | H6: 585 | I6: =H6/C6 | J6: 535 | K6: =J6/C6 | L6: 507 | M6: =L6/C6 | N6: 25 | O6: =N6/C6
A7: Thermoproteota | B7: Archaea | C7: 316 | D7: 315 | E7: =D7/C7 | F7: 201 | G7: =F7/C7 | H7: 170 | I7: =H7/C7 | J7: 166 | K7: =J7/C7 | L7: 159 | M7: =L7/C7 | N7: 99 | O7: =N7/C7
A8: Ascomycota | B8: Fungi | C8: 261 | D8: 253 | E8: =D8/C8 | F8: 226 | G8: =F8/C8 | H8: 215 | I8: =H8/C8 | J8: 217 | K8: =J8/C8 | L8: 217 | M8: =L8/C8 | N8: 39 | O8: =N8/C8
A9: Basidiomycota | B9: Fungi | C9: 441 | D9: 413 | E9: =D9/C9 | F9: 388 | G9: =F9/C9 | H9: 368 | I9: =H9/C9 | J9: 363 | K9: =J9/C9 | L9: 362 | M9: =L9/C9 | N9: 40 | O9: =N9/C9
A10: Mucoromycota | B10: Fungi | C10: 32 | D10: 32 | E10: =D10/C10 | F10: 28 | G10: =F10/C10 | H10: 27 | I10: =H10/C10 | J10: 23 | K10: =J10/C10 | L10: 25 | M10: =L10/C10 | N10: 4 | O10: =N10/C10
A11: Chlorophyta | B11: Viridiplantae | C11: 453 | D11: 417 | E11: =D11/C11 | F11: 243 | G11: =F11/C11 | H11: 213 | I11: =H11/C11 | J11: 209 | K11: =J11/C11 | L11: 207 | M11: =L11/C11 | N11: 353 | O11: =N11/C11
A12: Streptophyta | B12: Viridiplantae | C12: 5168 | D12: 4917 | E12: =D12/C12 | F12: 3752 | G12: =F12/C12 | H12: 3405 | I12: =H12/C12 | J12: 3379 | K12: =J12/C12 | L12: 3333 | M12: =L12/C12 | N12: 4888 | O12: =N12/C12
A13: Arthropoda | B13: Animalia | C13: 382 | D13: 357 | E13: =D13/C13 | F13: 323 | G13: =F13/C13 | H13: 310 | I13: =H13/C13 | J13: 303 | K13: =J13/C13 | L13: 304 | M13: =L13/C13 | N13: 226 | O13: =N13/C13
A14: Mollusca | B14: Animalia | C14: 455 | D14: 431 | E14: =D14/C14 | F14: 235 | G14: =F14/C14 | H14: 218 | I14: =H14/C14 | J14: 210 | K14: =J14/C14 | L14: 211 | M14: =L14/C14 | N14: 275 | O14: =N14/C14
... A18: Heterolobosea | B18: Protists | C18: 31 | D18: 30 | E18: =D18/C18 | F18: 29 | G18: =F18/C18 | H18: 28 | I18: =H18/C18 | J18: 26 | K18: =J18/C18 | L18: 28 | M18: =L18/C18 | N18: 23 | O18: =N18/C18
A19: All phyla | C19: =SUM(C3:C18) | D19: =SUM(D3:D18) | E19: =D19/C19 | F19: =SUM(F3:F18) | G19: =F19/C19 | H19: =SUM(H3:H18) | I19: =H19/C19 | J19: =SUM(J3:J18) | K19: =J19/C19 | L19: =SUM(L3:L18) | M19: =L19/C19 | N19: =SUM(N3:N18) | O19: =N19/C19

Sheet S9_Coverage_by_phylum_NEG
A1: Supplementary Table S9c. Negative-mode annotation coverage by strict phylum
A2: Phylum | B2: Kingdom | C2: n biomarkers | D2: Usable MS2 (n) | E2: Usable MS2 % | F2: SIRIUS molecular formula (n) | G2: SIRIUS molecular formula % | H2: CANOPUS compound class (n) | I2: CANOPUS compound class % | J2: CSI:FingerID structure (n) | K2: CSI:FingerID structure % | L2: MSNovelist de novo structure (n) | M2: MSNovelist de novo structure % | N2: DreaMS spectral neighbour (n) | O2: DreaMS spectral neighbour %
A3: Actinomycetota | B3: Bacteria | C3: 46 | D3: 46 | E3: =D3/C3 | F3: 24 | G3: =F3/C3 | H3: 20 | I3: =H3/C3 | J3: 19 | K3: =J3/C3 | L3: 20 | M3: =L3/C3 | N3: 46 | O3: =N3/C3
A4: Bacillota | B4: Bacteria | C4: 246 | D4: 246 | E4: =D4/C4 | F4: 176 | G4: =F4/C4 | H4: 151 | I4: =H4/C4 | J4: 144 | K4: =J4/C4 | L4: 151 | M4: =L4/C4 | N4: 246 | O4: =N4/C4
A5: Pseudomonadota | B5: Bacteria | C5: 165 | D5: 165 | E5: =D5/C5 | F5: 101 | G5: =F5/C5 | H5: 92 | I5: =H5/C5 | J5: 89 | K5: =J5/C5 | L5: 93 | M5: =L5/C5 | N5: 165 | O5: =N5/C5
A6: Methanobacteriota | B6: Archaea | C6: 18 | D6: 18 | E6: =D6/C6 | F6: 9 | G6: =F6/C6 | H6: 6 | I6: =H6/C6 | J6: 5 | K6: =J6/C6 | L6: 4 | M6: =L6/C6 | N6: 18 | O6: =N6/C6
A7: Thermoproteota | B7: Archaea | C7: 3 | D7: 3 | E7: =D7/C7 | F7: 2 | G7: =F7/C7 | H7: 1 | I7: =H7/C7 | J7: 1 | K7: =J7/C7 | L7: 1 | M7: =L7/C7 | N7: 3 | O7: =N7/C7
A8: Ascomycota | B8: Fungi | C8: 937 | D8: 937 | E8: =D8/C8 | F8: 804 | G8: =F8/C8 | H8: 780 | I8: =H8/C8 | J8: 748 | K8: =J8/C8 | L8: 749 | M8: =L8/C8 | N8: 937 | O8: =N8/C8
A9: Basidiomycota | B9: Fungi | C9: 154 | D9: 153 | E9: =D9/C9 | F9: 132 | G9: =F9/C9 | H9: 129 | I9: =H9/C9 | J9: 122 | K9: =J9/C9 | L9: 122 | M9: =L9/C9 | N9: 153 | O9: =N9/C9
A10: Mucoromycota | B10: Fungi | C10: 17 | D10: 17 | E10: =D10/C10 | F10: 12 | G10: =F10/C10 | H10: 11 | I10: =H10/C10 | J10: 8 | K10: =J10/C10 | L10: 9 | M10: =L10/C10 | N10: 17 | O10: =N10/C10
A11: Chlorophyta | B11: Viridiplantae | C11: 316 | D11: 316 | E11: =D11/C11 | F11: 156 | G11: =F11/C11 | H11: 142 | I11: =H11/C11 | J11: 138 | K11: =J11/C11 | L11: 138 | M11: =L11/C11 | N11: 316 | O11: =N11/C11
A12: Streptophyta | B12: Viridiplantae | C12: 1457 | D12: 1457 | E12: =D12/C12 | F12: 1060 | G12: =F12/C12 | H12: 1014 | I12: =H12/C12 | J12: 987 | K12: =J12/C12 | L12: 965 | M12: =L12/C12 | N12: 1457 | O12: =N12/C12
A13: Arthropoda | B13: Animalia | C13: 753 | D13: 752 | E13: =D13/C13 | F13: 615 | G13: =F13/C13 | H13: 569 | I13: =H13/C13 | J13: 546 | K13: =J13/C13 | L13: 540 | M13: =L13/C13 | N13: 752 | O13: =N13/C13
A14: Mollusca | B14: Animalia | C14: 327 | D14: 327 | E14: =D14/C14 | F14: 191 | G14: =F14/C14 | H14: 168 | I14: =H14/C14 | J14: 156 | K14: =J14/C14 | L14: 161 | M14: =L14/C14 | N14: 327 | O14: =N14/C14
... A18: Heterolobosea | B18: Protists | C18: 561 | D18: 561 | E18: =D18/C18 | F18: 352 | G18: =F18/C18 | H18: 199 | I18: =H18/C18 | J18: 159 | K18: =J18/C18 | L18: 182 | M18: =L18/C18 | N18: 561 | O18: =N18/C18
A19: All phyla | C19: =SUM(C3:C18) | D19: =SUM(D3:D18) | E19: =D19/C19 | F19: =SUM(F3:F18) | G19: =F19/C19 | H19: =SUM(H3:H18) | I19: =H19/C19 | J19: =SUM(J3:J18) | K19: =J19/C19 | L19: =SUM(L3:L18) | M19: =L19/C19 | N19: =SUM(N3:N18) | O19: =N19/C19

Sheet S9_NPC_pathway_by_phylum_POS
A1: Supplementary Table S9d. Positive-mode NPClassifier pathway by strict phylum (CANOPUS)
A2: Phylum | B2: Kingdom | C2: Fatty acids | D2: Terpenoids | E2: Polyketides | F2: Amino acids and Peptides | G2: Alkaloids | H2: Carbohydrates | I2: Shikimates and Phenylpropanoids | J2: CANOPUS classified (n)
A3: Actinomycetota | B3: Bacteria | C3: 149 | D3: 11 | E3: 7 | F3: 29 | G3: 8 | H3: 0 | I3: 0 | J3: =SUM(C3:I3)
A4: Bacillota | B4: Bacteria | C4: 413 | D4: 129 | E4: 40 | F4: 142 | G4: 54 | H4: 6 | I4: 1 | J4: =SUM(C4:I4)
A5: Pseudomonadota | B5: Bacteria | C5: 215 | D5: 42 | E5: 15 | F5: 51 | G5: 10 | H5: 0 | I5: 0 | J5: =SUM(C5:I5)
A6: Methanobacteriota | B6: Archaea | C6: 391 | D6: 96 | E6: 26 | F6: 32 | G6: 36 | H6: 3 | I6: 1 | J6: =SUM(C6:I6)
A7: Thermoproteota | B7: Archaea | C7: 82 | D7: 37 | E7: 6 | F7: 15 | G7: 15 | H7: 10 | I7: 5 | J7: =SUM(C7:I7)
A8: Ascomycota | B8: Fungi | C8: 116 | D8: 47 | E8: 12 | F8: 27 | G8: 11 | H8: 2 | I8: 0 | J8: =SUM(C8:I8)
A9: Basidiomycota | B9: Fungi | C9: 193 | D9: 71 | E9: 13 | F9: 76 | G9: 13 | H9: 2 | I9: 0 | J9: =SUM(C9:I9)
A10: Mucoromycota | B10: Fungi | C10: 15 | D10: 1 | E10: 2 | F10: 6 | G10: 2 | H10: 1 | I10: 0 | J10: =SUM(C10:I10)
A11: Chlorophyta | B11: Viridiplantae | C11: 82 | D11: 53 | E11: 58 | F11: 13 | G11: 3 | H11: 3 | I11: 1 | J11: =SUM(C11:I11)
A12: Streptophyta | B12: Viridiplantae | C12: 1857 | D12: 769 | E12: 567 | F12: 123 | G12: 75 | H12: 10 | I12: 4 | J12: =SUM(C12:I12)
A13: Arthropoda | B13: Animalia | C13: 171 | D13: 42 | E13: 28 | F13: 37 | G13: 19 | H13: 11 | I13: 2 | J13: =SUM(C13:I13)
A14: Mollusca | B14: Animalia | C14: 141 | D14: 45 | E14: 12 | F14: 12 | G14: 7 | H14: 1 | I14: 0 | J14: =SUM(C14:I14)
... A18: Heterolobosea | B18: Protists | C18: 21 | D18: 2 | E18: 2 | F18: 2 | G18: 1 | H18: 0 | I18: 0 | J18: =SUM(C18:I18)
A19: All phyla | C19: =SUM(C3:C18) | D19: =SUM(D3:D18) | E19: =SUM(E3:E18) | F19: =SUM(F3:F18) | G19: =SUM(G3:G18) | H19: =SUM(H3:H18) | I19: =SUM(I3:I18) | J19: =SUM(J3:J18)

Sheet S9_NPC_pathway_by_phylum_NEG
A1: Supplementary Table S9e. Negative-mode NPClassifier pathway by strict phylum (CANOPUS)
A2: Phylum | B2: Kingdom | C2: Fatty acids | D2: Terpenoids | E2: Polyketides | F2: Amino acids and Peptides | G2: Alkaloids | H2: Carbohydrates | I2: Shikimates and Phenylpropanoids | J2: CANOPUS classified (n)
A3: Actinomycetota | B3: Bacteria | C3: 15 | D3: 3 | E3: 1 | F3: 0 | G3: 1 | H3: 0 | I3: 0 | J3: =SUM(C3:I3)
A4: Bacillota | B4: Bacteria | C4: 98 | D4: 26 | E4: 14 | F4: 1 | G4: 10 | H4: 2 | I4: 0 | J4: =SUM(C4:I4)
A5: Pseudomonadota | B5: Bacteria | C5: 71 | D5: 13 | E5: 4 | F5: 3 | G5: 1 | H5: 0 | I5: 0 | J5: =SUM(C5:I5)
A6: Methanobacteriota | B6: Archaea | C6: 1 | D6: 2 | E6: 1 | F6: 0 | G6: 2 | H6: 0 | I6: 0 | J6: =SUM(C6:I6)
A7: Thermoproteota | B7: Archaea | C7: 1 | D7: 0 | E7: 0 | F7: 0 | G7: 0 | H7: 0 | I7: 0 | J7: =SUM(C7:I7)
A8: Ascomycota | B8: Fungi | C8: 479 | D8: 194 | E8: 59 | F8: 9 | G8: 25 | H8: 12 | I8: 2 | J8: =SUM(C8:I8)
A9: Basidiomycota | B9: Fungi | C9: 87 | D9: 24 | E9: 11 | F9: 1 | G9: 6 | H9: 0 | I9: 0 | J9: =SUM(C9:I9)
A10: Mucoromycota | B10: Fungi | C10: 8 | D10: 0 | E10: 2 | F10: 0 | G10: 0 | H10: 1 | I10: 0 | J10: =SUM(C10:I10)
A11: Chlorophyta | B11: Viridiplantae | C11: 48 | D11: 24 | E11: 46 | F11: 1 | G11: 18 | H11: 5 | I11: 0 | J11: =SUM(C11:I11)
A12: Streptophyta | B12: Viridiplantae | C12: 525 | D12: 186 | E12: 214 | F12: 14 | G12: 69 | H12: 5 | I12: 1 | J12: =SUM(C12:I12)
A13: Arthropoda | B13: Animalia | C13: 380 | D13: 115 | E13: 25 | F13: 10 | G13: 33 | H13: 3 | I13: 3 | J13: =SUM(C13:I13)
A14: Mollusca | B14: Animalia | C14: 73 | D14: 32 | E14: 34 | F14: 1 | G14: 25 | H14: 3 | I14: 0 | J14: =SUM(C14:I14)
... A18: Heterolobosea | B18: Protists | C18: 100 | D18: 26 | E18: 13 | F18: 16 | G18: 34 | H18: 8 | I18: 2 | J18: =SUM(C18:I18)
A19: All phyla | C19: =SUM(C3:C18) | D19: =SUM(D3:D18) | E19: =SUM(E3:E18) | F19: =SUM(F3:F18) | G19: =SUM(G3:G18) | H19: =SUM(H3:H18) | I19: =SUM(I3:I18) | J19: =SUM(J3:J18)

Sheet S10_Notes
A1: Supplementary Table S10. ClimGrass microbial benchmark studies
A3: Independent published studies from the same ClimGrass experimental platform (Raumberg-Gumpenstein, Austria), used as qualitative site-level benchmarks for the lipid-derived treatment patterns. These studies measure different dimensions of community structure and are not paired sample-by-sample with the lipidomics data, so they support biological plausibility rather than quantitative validation.
A4: Note: 16S/ITS and the nitrifier functional-gene survey constrain only the microbial community; they provide no benchmark for the Animalia or Protists fractions.
A5: Frozen 2026-06-09. Transcribed verbatim from soilmasst-v4_7-supplementary.md.
A7: Strict-16 update 2026-08-12: 'Protozoa' conformed to the locked ecological_group label 'Protists' (our composition fraction; consistent with Fig 5 v2 and Table S8). Taxon names in the 'Main finding' column are preserved verbatim as reported by the cited studies (Proteobacteria, Verrucomicrobia, Actinobacteria / Actinobacteriota, Acidobacteria, Ascomycota) and are NOT remapped to NCBI phyla. This is a literature benchmark table with no strict-taxonomy recomputation.

Sheet S10_Table
A1: Supplementary Table S10. ClimGrass microbial benchmark studies
A3: Study | B3: Molecular target | C3: Treatments | D3: Main finding | E3: Relevance to lipid atlas
A4: Deltedesco et al. 2020 | B4: 16S V3-V4, ITS2 | C4: Climate manipulation | D4: Bacteria dominated by Proteobacteria, Verrucomicrobia, Actinobacteria, Acidobacteria; fungi by Ascomycota | E4: Baseline phylum-level plausibility
A5: Metze et al. 2023 | B5: 16S + ddPCR + 18O-qSIP | C5: Ambient, drought, future, future+drought | D5: Drought halts growth in >90% of bacterial/archaeal taxa; active drought community dominated by Actinobacteriota | E5: Supports drought as dominant driver
A6: Canarini et al. 2024 | B6: 2H-FAME-SIP + 18O-DNA-SIP | C6: Future climate, drought | D6: Fungi remain active and increase storage-compound synthesis during drought | E6: Supports persistent fungal signal
A7: Seneca et al. 2020 | B7: amoA / nxrB genes and transcripts | C7: Warming, eCO2, drought | D7: Nitrifier communities unresponsive to warming/eCO2, strongly affected by drought | E7: Supports drought > warming pattern

Sheet S11_Notes
A1: Supplementary Table S11. Cross-method fingerprint validation - dendrogram-reconstruction Mantel r (strict 16 phyla)
A2: Per-method dendrogram-reconstruction Mantel r at each top-K feature level, computed on the strict 16-phylum lipid distance matrices (Supplementary Figure 8 strict rerun). For each method and K, the K top-ranked features rebuild the phylum dendrogram and its cophenetic distances are Mantel-correlated against the full-feature dendrogram; r approaching 1 means the reduced fingerprint reconstructs the full topology.
A3: Random-K-features null: for each K, features are drawn at random and the reconstruction Mantel r recomputed. The 'Mantel_reconstruction' sheet lists the null mean and 95th percentile beneath the methods; the 'Random_null' sheet gives mean, SD and 5th/95th percentiles with the approximate union feature count. A method beats the null when its r sits above the null 95th percentile.
A4: SIMPER and SCBD are exact strict recomputations. CAP is a bounded best-fit reimplementation and L1 stability a declared reimplementation (their exact historical configurations are unrecovered), so CAP and L1 absolute values are reimplementations, not reproductions.
A5: This within-manuscript Supplementary Table S11 (cross-method validation) is distinct from the external 'Samrat et al. 2025, Supplementary Table S10' (RIE factors) that underpins Table S7.
A6: Source: outputs/analysis/ncbi-phylum-2026-08-04-v1/suppfig8_cross_method_strict16_2026-08-11_v1/ (panel_a_mantel_curves.csv, panel_a_random_null.csv). Producer: paper2_repro/scripts/build_table_s11_strict16.py.

Sheet S11_Mantel_reconstruction
A1: Supplementary Table S11a. Dendrogram-reconstruction Mantel r by method and top-K
A2: Method | B2: K = 100 | C2: K = 250 | D2: K = 500 | E2: K = 1000 | F2: K = 2500
A3: SIMPER | B3: 0.984 | C3: 0.991 | D3: 0.995 | E3: 0.998 | F3: 0.999
A4: SCBD | B4: 0.986 | C4: 0.994 | D4: 0.997 | E4: 0.999 | F4: 1
A5: CAP | B5: 0.898 | C5: 0.896 | D5: 0.918 | E5: 0.954 | F5: 0.972
A6: L1 stability | B6: 0.702 | C6: 0.741 | D6: 0.792 | E6: 0.811 | F6: 0.982
A7: Random-K null (mean) | B7: 0.852 | C7: 0.924 | D7: 0.96 | E7: 0.981 | F7: 0.994
A8: Random-K null (95th pct) | B8: 0.917 | C8: 0.962 | D8: 0.98 | E8: 0.991 | F8: 0.997

Sheet S11_Random_null
A1: Supplementary Table S11b. Random-K-features null distribution
A2: K (per phylum) | B2: approx. K (union) | C2: null mean | D2: null SD | E2: null 5th pct | F2: null 95th pct
A3: 100 | B3: 1574 | C3: 0.852 | D3: 0.046 | E3: 0.769 | F3: 0.917
A4: 250 | B4: 3839 | C4: 0.924 | D4: 0.029 | E4: 0.872 | F4: 0.962
A5: 500 | B5: 7373 | C5: 0.96 | D5: 0.017 | E5: 0.926 | F5: 0.98
A6: 1000 | B6: 13615 | C6: 0.981 | D6: 0.009 | E6: 0.964 | F6: 0.991
A7: 2500 | B7: 27082 | C7: 0.994 | D7: 0.003 | E7: 0.989 | F7: 0.997

Sheet S12_Notes
A1: Supplementary Table S12. Cross-method consensus features per strict phylum
A2: For each of the 16 strict analysis phyla, the number of biomarker features selected in agreement by all four fingerprint methods (SIMPER, SCBD, CAP, L1 stability), by at least three, by at least two, and by exactly one method, out of the total features tested. Higher all-four counts indicate method-invariant, robustly diagnostic chemistry.
A3: Re-derived on the strict 16-phylum partition (Supplementary Figure 8 strict rerun), NOT relabelled from the legacy scheme: consensus membership is defined against the strict units, so split units (Discosea, Evosea, Heterolobosea) and merged units (Methanobacteriota, Streptophyta) carry their own consensus counts. The amoebozoan protists Evosea and Discosea hold the most all-four-consensus features.
A4: 8 of 16 phyla have zero all-four-consensus features; their diagnostic features are recovered by fewer methods (see the >=2 / >=3 columns). Kingdom labels follow the locked ecological_group vocabulary (Viridiplantae, Protists). CAP and L1 stability are declared reimplementations (see Table S11), so consensus counts involving them are reimplementation-based.
A5: Source: outputs/analysis/ncbi-phylum-2026-08-04-v1/suppfig8_cross_method_strict16_2026-08-11_v1/panel_d_consensus_per_phylum.csv. Producer: paper2_repro/scripts/build_table_s12_strict16.py.

Sheet S12_Consensus_per_phylum
A1: Supplementary Table S12. Cross-method consensus features per strict phylum
A2: Phylum | B2: Kingdom | C2: Total features | D2: All-4 consensus | E2: >=3 methods | F2: >=2 methods | G2: Only 1 method
A3: Evosea | B3: Protists | C3: 1271 | D3: 36 | E3: 212 | F3: 481 | G3: 790
A4: Discosea | B4: Protists | C4: 1415 | D4: 25 | E4: 99 | F4: 461 | G4: 954
A5: Mucoromycota | B5: Fungi | C5: 1497 | D5: 5 | E5: 95 | F5: 403 | G5: 1094
A6: Ascomycota | B6: Fungi | C6: 1522 | D6: 4 | E6: 74 | F6: 400 | G6: 1122
A7: Methanobacteriota | B7: Archaea | C7: 1671 | D7: 4 | E7: 50 | F7: 275 | G7: 1396
A8: Bacillota | B8: Bacteria | C8: 1499 | D8: 3 | E8: 107 | F8: 391 | G8: 1108
A9: Streptophyta | B9: Viridiplantae | C9: 1523 | D9: 2 | E9: 40 | F9: 435 | G9: 1088
A10: Heterolobosea | B10: Protists | C10: 1443 | D10: 1 | E10: 145 | F10: 411 | G10: 1032
A11: Thermoproteota | B11: Archaea | C11: 1574 | D11: 0 | E11: 110 | F11: 316 | G11: 1258
A12: Basidiomycota | B12: Fungi | C12: 1541 | D12: 0 | E12: 81 | F12: 378 | G12: 1163
A13: Actinomycetota | B13: Bacteria | C13: 1628 | D13: 0 | E13: 60 | F13: 312 | G13: 1316
A14: Arthropoda | B14: Animalia | C14: 1522 | D14: 0 | E14: 55 | F14: 423 | G14: 1099
... A18: Nematoda | B18: Animalia | C18: 1601 | D18: 0 | E18: 25 | F18: 374 | G18: 1227
A19: All phyla | C19: =SUM(C3:C18) | D19: =SUM(D3:D18) | E19: =SUM(E3:E18) | F19: =SUM(F3:F18) | G19: =SUM(G3:G18)

Sheet S13_Notes
A1: Supplementary Table S13. Leave-one-out classification accuracy (strict 16 phyla)
A2: Leave-one-out 1-nearest-phylum classification accuracy over the 164 strict-labelled samples. 'Accuracy_by_method_K' gives accuracy for each fingerprint method (SIMPER, SCBD, CAP, L1 stability) at each top-K feature level (Supplementary Figure 8 strict rerun). 'Accuracy_by_phylum' gives per-phylum accuracy at the full substrate - the 64.6% (106/164) 16-phylum NNLS classifier behind Supplementary Figure 4.
A3: Full-substrate baseline (all features, 16-phylum NNLS): 64.6% (106/164). Variance-based methods (SIMPER, SCBD) match the baseline from moderate K; the supervised L1 stability exceeds it; CAP (a bounded reimplementation) underperforms.
A4: DECLARED REIMPLEMENTATION: the exact submitted classifier/producer (reported 52.8%) is unrecovered, so these absolute accuracies are a named NNLS/method reimplementation on the strict 16-phylum label set, NOT a reproduction of the submitted values. CAP and L1 stability additionally carry the reimplementation caveats noted in Table S11. Kingdom labels follow the locked ecological_group vocabulary (Viridiplantae, Protists).
A5: Source: outputs/analysis/ncbi-phylum-2026-08-04-v1/suppfig8_cross_method_strict16_2026-08-11_v1/panel_b_loo_accuracy.csv and suppfig4_loo_strict16_2026-08-11_v1/loo_per_unit_strict16.csv. Producer: paper2_repro/scripts/build_table_s13_strict16.py.

Sheet S13_Accuracy_by_method_K
A1: Supplementary Table S13a. LOO accuracy by method and top-K
A2: Method | B2: K = 100 | C2: K = 250 | D2: K = 500 | E2: K = 1000 | F2: K = 2500
A3: SIMPER | B3: 0.5854 | C3: 0.628 | D3: 0.6402 | E3: 0.6402 | F3: 0.6463
A4: SCBD | B4: 0.6341 | C4: 0.6463 | D4: 0.6463 | E4: 0.6463 | F4: 0.6463
A5: CAP | B5: 0.3171 | C5: 0.4024 | D5: 0.4085 | E5: 0.4634 | F5: 0.5305
A6: L1 stability | B6: 0.7378 | C6: 0.7073 | D6: 0.7195 | E6: 0.7561 | F6: 0.6585
A8: Full-substrate baseline (all features, 16-phylum NNLS): 64.6% (106/164)

Sheet S13_Accuracy_by_phylum
A1: Supplementary Table S13b. Per-phylum LOO accuracy at the full substrate (64.6% overall)
A2: Phylum | B2: Kingdom | C2: Correct | D2: n samples | E2: Accuracy
A3: Discosea | B3: Protists | C3: 7 | D3: 7 | E3: =C3/D3
A4: Evosea | B4: Protists | C4: 5 | D4: 5 | E4: =C4/D4
A5: Bacillota | B5: Bacteria | C5: 22 | D5: 25 | E5: =C5/D5
A6: Pseudomonadota | B6: Bacteria | C6: 7 | D6: 8 | E6: =C6/D6
A7: Mucoromycota | B7: Fungi | C7: 6 | D7: 7 | E7: =C7/D7
A8: Methanobacteriota | B8: Archaea | C8: 13 | D8: 16 | E8: =C8/D8
A9: Heterolobosea | B9: Protists | C9: 4 | D9: 5 | E9: =C9/D9
A10: Streptophyta | B10: Viridiplantae | C10: 10 | D10: 14 | E10: =C10/D10
A11: Chlorophyta | B11: Viridiplantae | C11: 3 | D11: 5 | E11: =C11/D11
A12: Ascomycota | B12: Fungi | C12: 14 | D12: 27 | E12: =C12/D12
A13: Nematoda | B13: Animalia | C13: 2 | D13: 4 | E13: =C13/D13
A14: Actinomycetota | B14: Bacteria | C14: 7 | D14: 15 | E14: =C14/D14
... A18: Thermoproteota | B18: Archaea | C18: 0 | D18: 3 | E18: =C18/D18
A19: All phyla | C19: =SUM(C3:C18) | D19: =SUM(D3:D18) | E19: =C19/D19

Sheet S14_Notes
A1: Supplementary Table S14. ClimGrass verified-soil feature overlap (strict 16 phyla)
A2: Fraction of the 696 spectrally verified ClimGrass soil features captured within each method's top-K biomarker set, at each K level (Supplementary Figure 8 strict rerun). Higher fractions mean the method's top-ranked atlas biomarkers better cover the features actually detected in ClimGrass soil. Uses the corrected 696-feature verified-soil substrate.
A3: The 'Overlap_detail' sheet also gives the reverse fraction (fraction of each method's top-K set that is ClimGrass-detected) and the raw overlap counts. Variance-based methods (SCBD, SIMPER) capture the ClimGrass set fastest; CAP and L1 stability are supervised and cover it more slowly.
A4: CAP and L1 stability are declared reimplementations (see Tables S11 and S13); overlap fractions involving them are reimplementation-based. This is a global top-K overlap metric (no per-phylum keying).
A5: Source: outputs/analysis/ncbi-phylum-2026-08-04-v1/suppfig8_cross_method_strict16_2026-08-11_v1/panel_c_climgrass_overlap.csv. Producer: paper2_repro/scripts/build_table_s14_strict16.py.

Sheet S14_ClimGrass_overlap
A1: Supplementary Table S14a. Fraction of the 696 verified ClimGrass features captured in each method's top-K
A2: Method | B2: K = 100 | C2: K = 250 | D2: K = 500 | E2: K = 1000 | F2: K = 2500
A3: SIMPER | B3: 0.0603 | C3: 0.1422 | D3: 0.2385 | E3: 0.3908 | F3: 0.8046
A4: SCBD | B4: 0.0905 | C4: 0.2126 | D4: 0.3592 | E4: 0.6078 | F4: 0.9612
A5: CAP | B5: 0.033 | C5: 0.056 | D5: 0.1264 | E5: 0.2184 | F5: 0.4167
A6: L1 stability | B6: 0.0302 | C6: 0.0862 | D6: 0.148 | E6: 0.2399 | F6: 0.6336

Sheet S14_Overlap_detail
A1: Supplementary Table S14b. Overlap detail (counts and both directions)
A2: Method | B2: K | C2: Top-K features | D2: ClimGrass features | E2: Overlap | F2: Frac. of ClimGrass in top-K | G2: Frac. of top-K in ClimGrass
A3: SIMPER | B3: 100 | C3: 809 | D3: 696 | E3: 42 | F3: 0.0603 | G3: 0.0519
A4: SIMPER | B4: 250 | C4: 1683 | D4: 696 | E4: 99 | F4: 0.1422 | G4: 0.0588
A5: SIMPER | B5: 500 | C5: 2867 | D5: 696 | E5: 166 | F5: 0.2385 | G5: 0.0579
A6: SIMPER | B6: 1000 | C6: 4921 | D6: 696 | E6: 272 | F6: 0.3908 | G6: 0.0553
A7: SIMPER | B7: 2500 | C7: 10363 | D7: 696 | E7: 560 | F7: 0.8046 | G7: 0.054
A8: SCBD | B8: 100 | C8: 1158 | D8: 696 | E8: 63 | F8: 0.0905 | G8: 0.0544
A9: SCBD | B9: 250 | C9: 2718 | D9: 696 | E9: 148 | F9: 0.2126 | G9: 0.0545
A10: SCBD | B10: 500 | C10: 5049 | D10: 696 | E10: 250 | F10: 0.3592 | G10: 0.0495
A11: SCBD | B11: 1000 | C11: 9053 | D11: 696 | E11: 423 | F11: 0.6078 | G11: 0.0467
A12: SCBD | B12: 2500 | C12: 18258 | D12: 696 | E12: 669 | F12: 0.9612 | G12: 0.0366
A13: CAP | B13: 100 | C13: 1074 | D13: 696 | E13: 23 | F13: 0.033 | G13: 0.0214
A14: CAP | B14: 250 | C14: 2474 | D14: 696 | E14: 39 | F14: 0.056 | G14: 0.0158
... A22: L1 stability | B22: 2500 | C22: 28179 | D22: 696 | E22: 441 | F22: 0.6336 | G22: 0.0156

Sheet S15_Notes
A1: Supplementary Table S15. Five-rank taxonomic framework (strict phyla)
A2: Ordinal (cladistic) framework underlying the phylum phylogenetic distance matrix used in the lipidome-phylogeny Mantel and partial-Mantel tests (Fig. 3, Fig. 4). Ranks, broad to narrow: Domain > Supergroup > Organism group (kingdom) > Clade > Phylum.
A3: Pairwise distance = number of ranks from a phylum up to the most recent common ancestor: 0 = same phylum; 1 = same clade; 2 = same organism group; 3 = same supergroup; 4 = same domain; 5 = different domain. Equivalently, 5 minus the number of matching leading ranks. The distances recomputed from this framework reproduce the strict 16-phylum matrix (phylo_dist_16phyla.csv) exactly.
A4: Scope: all 19 collection phyla. The 'In 16-phylum analysis set' column marks the 16 with n>=2 samples in both polarities used for phylum inference; the other three (Cyanobacteriota, Mortierellomycota, Cercozoa) are below threshold and retained for completeness only.
A5: Re-derived on strict units: Amoebozoa split into Discosea and Evosea (distinct clades within the Amoebozoa supergroup, distance 2); the legacy land-plant labels and Charophyta merged into Streptophyta; Euryarchaeota into Methanobacteriota; Crenarchaeota into Thermoproteota. Organism-group labels follow the locked ecological_group vocabulary (Viridiplantae, Protists).
A6: PENDING coauthor confirmation: the Streptophyta clade placement. The strict Streptophyta phylum spans charophyte algae (Charophyta) and land plants (Embryophyta); it is assigned the superclade 'Streptophyta' here, distinct from Chlorophyta (distance 2). Opisthokonta is retained as the eukaryotic supergroup uniting Fungi and Animalia.
A7: Basis: eukaryotic supergroups follow Adl et al. (2019, J. Eukaryot. Microbiol. 66:4-119); rank/name assignments follow NCBI Taxonomy (Schoch et al. 2020). Source: paper2_repro/scripts/build_table_s15_strict16.py, gated against suppfig1_full_strict16_2026-08-11_v1/panel_d_data/phylo_dist_16phyla.csv.

Sheet S15_Cladogram
A1: Supplementary Table S15. Five-rank taxonomic framework (strict phyla)
A2: Domain | B2: Supergroup | C2: Organism group | D2: Clade | E2: Phylum | F2: In 16-phylum analysis set
A3: Bacteria | B3: Terrabacteria | C3: Bacteria | D3: Actinobacteria | E3: Actinomycetota | F3: yes
A4: Bacteria | B4: Terrabacteria | C4: Bacteria | D4: Firmicutes | E4: Bacillota | F4: yes
A5: Bacteria | B5: Terrabacteria | C5: Bacteria | D5: Cyanobacteria | E5: Cyanobacteriota | F5: no (below threshold)
A6: Bacteria | B6: Gracilicutes | C6: Bacteria | D6: Proteobacteria | E6: Pseudomonadota | F6: yes
A7: Archaea | B7: Euryarchaeota | C7: Archaea | D7: Methanobacteria | E7: Methanobacteriota | F7: yes
A8: Archaea | B8: TACK | C8: Archaea | D8: Thermoproteota | E8: Thermoproteota | F8: yes
A9: Eukaryota | B9: Opisthokonta | C9: Fungi | D9: Dikarya | E9: Ascomycota | F9: yes
A10: Eukaryota | B10: Opisthokonta | C10: Fungi | D10: Dikarya | E10: Basidiomycota | F10: yes
A11: Eukaryota | B11: Opisthokonta | C11: Fungi | D11: Basal Fungi | E11: Mucoromycota | F11: yes
A12: Eukaryota | B12: Opisthokonta | C12: Fungi | D12: Basal Fungi | E12: Mortierellomycota | F12: no (below threshold)
A13: Eukaryota | B13: Opisthokonta | C13: Animalia | D13: Ecdysozoa | E13: Arthropoda | F13: yes
... A21: Eukaryota | B21: Excavata | C21: Protists | D21: Discoba | E21: Heterolobosea | F21: yes
A22: * Streptophyta clade placement pending coauthor confirmation (spans Charophyta + Embryophyta).
